chunk_id,source,page,section,subsection,recommendation_id,chunk_type,chars,chunk_text
WHO_pg1_3-recommendations-and-ev_chunk1,WHO,0,"3.	Recommendations and evidence",,,paragraph,887,"Source: WHO
Section: 3.	Recommendations and evidence

This guideline includes 11 recommendations for antibiotic management of infants with serious bacterial infection (SBI), from birth to 59 days of age unless otherwise indicated. They are summarized in Table 1 in the executive summary and presented in detail in this chapter. Of the recommendations, four are new and seven are updated. There are 10 strong recommendations for all infants and one recommendation that is conditional on particular contexts or conditions. No recommendation was made for one intervention (section B.1). Six recommendations are for non-hospital (i.e.
community-based/outpatient/primary health care [PHC]) settings (presented in section A of this chapter) and five are for hospital settings (section B). The Guideline Development Group (GDG) provided remarks related to all the recommendations, where needed."
WHO_pg1_3-recommendations-and-ev_chunk2,WHO,0,"3.	Recommendations and evidence",,,paragraph,647,"Source: WHO
Section: 3.	Recommendations and evidence

[PHC]) settings (presented in section A of this chapter) and five are for hospital settings (section B). The Guideline Development Group (GDG) provided remarks related to all the recommendations, where needed. Users of the guideline should refer to these remarks, which are presented prominently along with the recommendations in sections A and B of this chapter. The GDG also made remarks about cross-cutting issues that are important for all settings and recommendations, including clinical management, referral, risk groups, antimicrobial resistance (AMR), and antibiotic dosing (section C)"
WHO_pg2_remarks_chunk1,WHO,1,Remarks,,,paragraph,540,"Source: WHO
Section: Remarks

■The recommendation was based on two studies that recruited a total of 9284 infants aged 0–59 days from primary health care (PHC) clinics and other outpatient settings in Bangladesh, Bolivia (Plurinational State of), Ghana, India, Pakistan and South Africa. Both studies used physician judgement of possible sepsis as the reference standard. One included laboratory testing. Both studies assessed the 7-sign IMCI algorithm. Both studies assessed diagnoses by community health workers (CHWs) and health workers."
WHO_pg2_remarks_chunk2,WHO,1,Remarks,,,paragraph,643,"Source: WHO
Section: Remarks

Both studies assessed the 7-sign IMCI algorithm. Both studies assessed diagnoses by community health workers (CHWs) and health workers. ■Overall, the GDG considered that both the sensitivity and specificity of the WHO 7-sign IMCI algorithm were sufficient for the diagnosis of sepsis in young infants:
― aged 0–59 days: sensitivity 0.79 (95% CI: 0.77 to 0.82) and specificity 0.77 (95% CI: 0.76 to 0.78);
― aged 0–6 days: sensitivity 0.84 (95% CI: 0.81 to 0.87) and specificity 0.78 (95% CI: 0.76 to 0.79); and ― aged 7–59 days: sensitivity 0.74 (95% CI: 0.68 to 0.81) and specificity 0.79 (95% CI: 0.73 to 0.84)."
WHO_pg2_background-and-definitio_chunk1,WHO,1,Background and definitions,,,paragraph,659,"Source: WHO
Section: Background and definitions

Possible serious bacterial infection (PSBI) is defined by WHO as an illness with one or more of the following seven clinical signs: not feeding well or not able to feed at all, movement only when stimulated or no movement at all, high body temperature (≥ 38 °C), low body temperature (< 35.5 °C), severe chest indrawing, convulsions in infants aged 0–59 days or fast breathing (≥ 60 breaths per minute) in infants aged 0–6 days (see Table 1.1). In 2014, the IMCI programme was updated to include a “7-sign IMCI algorithm” with the signs listed in Table 1.1 to define the target population in need of treatment."
WHO_pg2_background-and-definitio_chunk2,WHO,1,Background and definitions,,,paragraph,855,"Source: WHO
Section: Background and definitions

In 2014, the IMCI programme was updated to include a “7-sign IMCI algorithm” with the signs listed in Table 1.1 to define the target population in need of treatment. This was done using a WHO guideline development process by a GDG, including a systematic review of six randomized controlled trials (RCTs) which compared home visits by a community health worker (CHW) to identify young infants with serious illness to no home visits (i.e.
the control group) in children 0–59 days old, and found a significant improvement in care seeking in the intervention arm compared with the control arm (relative risk [RR]: 1.35; 95% confidence interval [CI]: 1.15–1.58). However, diagnostic accuracy of the clinical signs was not specifically assessed in 2014 and there have been new studies published since that time."
WHO_pg3_overview_chunk1,WHO,2,Overview,,,paragraph,379,"Source: WHO
Section: Overview

Question: Among young infants aged 0–59 days with PSBI, in non-hospital settings, what is the diagnostic accuracy (sensitivity and specificity) of clinical sign-based algorithms of PSBIᵃ compared with a reference standard (culture-confirmed sepsis, physician judgement of sepsis, or mortality) in identifying infants who require treatment for PSBI?"
WHO_pg3_population-index-test-re_chunk1,WHO,2,"Population, index test, reference standard and diagnosis of interest (PIRD) details",,,paragraph,401,"Source: WHO
Section: Population, index test, reference standard and diagnosis of interest (PIRD) details

Population: Young infants aged 0–59 days with PSBI Index test: Clinical sign-based algorithms of PSBI ascertained by any cadre of health worker Reference standard: Sepsis diagnosis (culture-confirmed or physician judgement) or mortality Diagnosis of interest: Serious bacterial infections (SBIs)"
WHO_pg3_sources-and-characterist_chunk1,WHO,2,Sources and characteristics of studies,,,paragraph,964,"Source: WHO
Section: Sources and characteristics of studies

The diagnostic accuracy evidence was derived from a systematic review that identified 6701 studies in infants aged 0–59 days, of which 19 met inclusion criteria (59). All studies examined diagnostic accuracy at first presentation of suspected sepsis and assessed the potential need to initiate antibiotic therapy. None of the studies examined diagnostic accuracy after treatment to identify when antibiotics should be stopped. Twelve studies were identified that examined IMCI algorithms. Two of these studies specifically examined the 7-sign IMCI algorithm, including a total of 9284 infants who attended PHC clinics and other outpatient settings in Bangladesh, Bolivia (Plurinational State of), Ghana, India, Pakistan and South Africa (17, 60). Both studies used physician judgement of possible sepsis and the need for antibiotics as the reference standard. One study included laboratory testing (17)."
WHO_pg3_sources-and-characterist_chunk2,WHO,2,Sources and characteristics of studies,,,paragraph,361,"Source: WHO
Section: Sources and characteristics of studies

Both studies used physician judgement of possible sepsis and the need for antibiotics as the reference standard. One study included laboratory testing (17). Both studies assessed diagnoses by CHWs and health workers as the index test; the diagnoses were made using the 7-sign IMCI algorithm (17, 60)."
WHO_pg4_critical-outcomes_chunk1,WHO,3,Critical outcomes,,,paragraph,935,"Source: WHO
Section: Critical outcomes

For this comparison, which assesses the accuracy of the 7-sign IMCI algorithm (by any cadre of health worker) to diagnose sepsis in infants aged 0–59 days, one study with 8889 participants assessed sensitivity and specificity (17). (Full details are provided in GRADE Table A.1.1 in the Web Annex). ■Physician judgement of sepsis as the reference standard: Moderate-certainty evidence suggests fair diagnostic accuracy for sensitivity 0.79 (1 study, 8889 participants, 95% CI: 0.77 to 0.82) and fair diagnostic accuracy for specificity 0.77 (1 study, 8889 participants, 95% CI: 0.76 to 0.78). ■Culture-confirmed sepsis as the reference standard: No studies ■Mortality as the reference standard: No studies For the same comparison in the subset of infants aged 0–6 days, two studies assessed sensitivity and specificity (17, 60). (Full details are provided in GRADE Table A.1.2 in the Web Annex)."
WHO_pg4_critical-outcomes_chunk2,WHO,3,Critical outcomes,,,paragraph,933,"Source: WHO
Section: Critical outcomes

■Culture-confirmed sepsis as the reference standard: No studies ■Mortality as the reference standard: No studies For the same comparison in the subset of infants aged 0–6 days, two studies assessed sensitivity and specificity (17, 60). (Full details are provided in GRADE Table A.1.2 in the Web Annex). ■Physician judgement of sepsis as the reference standard: Low-certainty evidence suggests good diagnostic accuracy for sensitivity 0.84 (2 studies, 3572 participants, 95% CI: 0.81 to 0.87) and fair diagnostic accuracy for specificity 0.78 (2 studies, 3572 participants, 95% CI: 0.76 to 0.79). ■Culture-confirmed sepsis as the reference standard: No studies ■Mortality as the reference standard: No studies For the same comparison in the subset of infants aged 7–59 days, one study assessed sensitivity and specificity (17). (Full details are provided in GRADE Table A.1.3 in the Web Annex)."
WHO_pg4_critical-outcomes_chunk3,WHO,3,Critical outcomes,,,paragraph,715,"Source: WHO
Section: Critical outcomes

■Culture-confirmed sepsis as the reference standard: No studies ■Mortality as the reference standard: No studies For the same comparison in the subset of infants aged 7–59 days, one study assessed sensitivity and specificity (17). (Full details are provided in GRADE Table A.1.3 in the Web Annex). ■Physician judgement of sepsis as the reference standard: Low-certainty evidence suggests fair diagnostic accuracy both for sensitivity 0.74 (1 study, 5712 participants, 95% CI: 0.68 to 0.81)
and specificity 0.79 (1 study, 5712 participants, 95% CI: 0.73 to 0.84). ■Culture-confirmed sepsis as the reference standard: No studies ■Mortality as the reference standard: No studies"
WHO_pg4_other-studies_chunk1,WHO,3,Other studies,,,paragraph,511,"Source: WHO
Section: Other studies

One systematic review by Lee et al. (2014) examined the accuracy of the assessment of PSBI in infants aged 0–59 days by CHWs based at PHC acilities in low- and middle-income countries (LMICs) (61).
This review reported that frontline health workers diagnosed very severe disease (including PSBI) with a sensitivity of 82% (95% CI: 76%–88%) and specificity of 69% (95% CI: 54%–83%) compared with trained physicians (reference standard) in eight studies of 11 857 infants (61)."
WHO_pg4_additional-consideration_chunk1,WHO,3,Additional considerations,,,paragraph,388,"Source: WHO
Section: Additional considerations

The GDG also assessed other non-IMCI sign checklists and more complex IMCI algorithms with additional clinical signs, but no other algorithms were identified that were more accurate than the WHO 7-sign IMCI algorithm (59). The GDG also considered that the other algorithms were not feasible for implementation in PHC settings in many LMICs."
WHO_pg5_accuracy-evidence_chunk1,WHO,4,accuracy evidence,,,paragraph,551,"Source: WHO
Section: accuracy evidence

0–59 days and 7–59 days: Fair sensitivity and fair specificity ᵃ of the 7-sign IMCI algorithm compared with physician judgement of sepsis as the reference standard; there was no evidence for either culture-confirmed sepsis or mortality as the reference standard.
0–6 days: Good sensitivity and fair specificity ᵃ of the 7-sign IMCI algorithm compared with physician judgement of sepsis as the reference standard; there was no evidence for either culture- confirmed sepsis or mortality as the reference standard."
WHO_pg5_equity_chunk1,WHO,4,Equity,,,table,600,"Source: WHO
Section: Equity

Evidence Profile
• Summary of diagnostic accuracy evidence: 0–59 days and 7–59 days: Fair sensitivity and fair specificity ᵃ of the 7-sign IMCI algorithm compared with physician judgement of sepsis as the reference standard; there was no evidence for either culture-confirmed sepsis or mortality as the reference standard. 0–6 days: Good sensitivity and fair specificity ᵃ of the 7-sign IMCI algorithm compared with physician judgement of sepsis as the reference standard; there was no evidence for either culture- confirmed sepsis or mortality as the reference standard."
WHO_pg6_recommendation-a-2-updat_rec1_chunk1,WHO,5,Recommendation A.2 (UPDATED),,rec1,recommendation,346,"Source: WHO
Section: Recommendation A.2 (UPDATED)
Recommendation: rec1

Recommendation: Young infants aged 0–59 days with the IMCI signs of critical illness should be referred to hospital. If referral is not possible, ampicillin IM/IV plus gentamicin IM/IV for at least 10 days is recommended. (Strong recommendation, very low-certainty evidence)"
WHO_pg6_remarks_chunk1,WHO,5,Remarks,,,paragraph,837,"Source: WHO
Section: Remarks

■There were no included trials. ■The GDG recognized that there were limited data on the appropriate dose of antibiotics. Based on current clinical practice, the GDG considered that the following antibiotic doses should be used: ampicillin intramuscular or intravenous (IM/IV) 50 mg/kg every 12 hours in the first week of life and every 8 hours after the first week of life for a total of at least 10 days plus gentamicin IM/IV 5 mg/kg once a day in the first week of life and 7.5 mg/kg once a day after the first week of life for a total of at least 10 days. ■The GDG made a strong recommendation despite the lack of trials in non-hospital settings as they felt strongly about the importance of providing clear guidance for the management of critically ill infants when referral to hospital is not possible."
WHO_pg6_remarks_chunk2,WHO,5,Remarks,,,paragraph,440,"Source: WHO
Section: Remarks

■The GDG made a strong recommendation despite the lack of trials in non-hospital settings as they felt strongly about the importance of providing clear guidance for the management of critically ill infants when referral to hospital is not possible. The GDG were able to use their knowledge and experience in best practice clinical management of sepsis in young infants to make this recommendation by consensus."
WHO_pg6_background-and-definitio_chunk1,WHO,5,Background and definitions,,,paragraph,927,"Source: WHO
Section: Background and definitions

Critical illness is defined as one or more of the following clinical signs: not able to feed at all, no movement on stimulation, convulsions in an infant aged 0–59 days (27, 28). There are pre-existing WHO recommendations (i) to provide ampicillin plus gentamicin via the intramuscular or intravenous (IM or IV) routes for at least 10 days to hospitalized infants with critical illness (13) and (ii) that infants who have any sign of critical illness identified in the community should be hospitalized after a single dose of pre-referral treatment with ampicillin or benzyl penicillin and gentamicin IM/IV (11). These recommendations were made in 2013 and 2015 on the basis of GDG expert opinion (27, 28). However, there has been no WHO guidance on “follow- up” doses of antibiotics after initial treatment of infants in the community where referral to hospital is not possible."
WHO_pg6_background-and-definitio_chunk2,WHO,5,Background and definitions,,,paragraph,459,"Source: WHO
Section: Background and definitions

However, there has been no WHO guidance on “follow- up” doses of antibiotics after initial treatment of infants in the community where referral to hospital is not possible. There have also been changes to antimicrobial resistance (AMR) and new technologies for improving access to health facilities through telehealth and online platforms and community ambulances, especially in humanitarian settings (62, 63)."
WHO_pg7_overview_chunk1,WHO,6,Overview,,,paragraph,297,"Source: WHO
Section: Overview

Question: Among young infants aged 0–59 days with critical illness,ᵃ in non-hospital settings, what is the effect of alternative antibiotic regimens compared with WHO-recommended antibiotic regimens on critical outcomes? What is the effectiveness in specific strata?"
WHO_pg7_population-index-test-re_chunk1,WHO,6,"Population, index test, reference standard and diagnosis of interest (PIRD) details",,,paragraph,524,"Source: WHO
Section: Population, index test, reference standard and diagnosis of interest (PIRD) details

Population: Young infants aged 0–59 days with critical illness Intervention: Alternative antibiotic regimens Comparator: WHO-recommended antibiotic regimens containing penicillin or ampicillin IM/IV plus gentamicin IM/IV Outcomes (critical outcomes): All-cause or cause-specific mortality, morbidity (treatment failure,ᵇ treatment success,ᵇ hospitalizations, adverse events) or neurodevelopmental impairment/disability"
WHO_pg7_sources-and-characterist_chunk1,WHO,6,Sources and characteristics of studies,,,paragraph,464,"Source: WHO
Section: Sources and characteristics of studies

The effectiveness evidence was derived from a systematic review that identified 2390 trials in infants aged 0–59 days, of which 41 RCTs met the inclusion criteria (64). Among these, 35 trials examined hospital-based regimens for when hospital referral was possible. Six trials examined WHO non-hospital-based regimens, however none of these six trials examined regimens in infants with critical illness."
WHO_pg9_recommendation-a-3a-upda_rec1_chunk1,WHO,8,Recommendation A.3a (UPDATED),,rec1,recommendation,313,"Source: WHO
Section: Recommendation A.3a (UPDATED)
Recommendation: rec1

Recommendation: Young infants aged 0–59 days with the IMCI signs of clinical severe infection should be referred to hospital.
If referral is not possible then oral amoxicillin for at least 7 days plus gentamicin IM/IV for at least 7 days is"
WHO_pg9_remarks_chunk1,WHO,8,Remarks,,,paragraph,954,"Source: WHO
Section: Remarks

■The recommendation was based on four trials of 9823 infants aged 0–59 days in rural and semi-urban PHC facilities in five countries: Bangladesh, Democratic Republic of the Congo, Kenya, Nigeria and Pakistan. The trials all compared simplified regimens that included oral antibiotics (oral amoxicillin or cotrimoxazole) versus the comparator – WHO-recommended treatment of penicillin IM for 7 days plus gentamicin IM for 7 days. Four regimens were tested. ― Regimen 1: oral cotrimoxazole for 7 days plus gentamicin IM/IV for 7 days ― Regimen 2: procaine penicillin IM/IV plus gentamicin IM/IV for 2 days followed by oral amoxicillin for 5 days ― Regimen 3: oral amoxicillin for 7 days plus gentamicin IM/IV for 2 days ― Regimen 4: oral amoxicillin for 7 days plus gentamicin IM/IV for 7 days. ■The GDG considered that regimen 1 may cause harm (increased mortality, treatment failure, adverse events) so did not recommend it."
WHO_pg9_remarks_chunk2,WHO,8,Remarks,,,paragraph,812,"Source: WHO
Section: Remarks

■The GDG considered that regimen 1 may cause harm (increased mortality, treatment failure, adverse events) so did not recommend it. ■The GDG considered that regimen 2 had no benefit over the comparator (penicillin plus gentamicin IM for 7 days)
so did not recommend it. ■The GDG considered that regimens 3 and 4 may improve critical outcomes when compared with penicillin plus gentamicin IM for 7 days (the comparator). The GDG noted that the evidence for both regimen 3 and 4 was low certainty: evidence for regimen 3 was available only from a single trial in Africa (Democratic Republic of the Congo, Kenya and Nigeria) while for regimen 4 data were available from three trials from both Asia and Africa (Bangladesh, Democratic Republic of the Congo, Kenya, Nigeria and Pakistan)."
WHO_pg9_remarks_chunk3,WHO,8,Remarks,,,paragraph,788,"Source: WHO
Section: Remarks

The GDG noted that the evidence for both regimen 3 and 4 was low certainty: evidence for regimen 3 was available only from a single trial in Africa (Democratic Republic of the Congo, Kenya and Nigeria) while for regimen 4 data were available from three trials from both Asia and Africa (Bangladesh, Democratic Republic of the Congo, Kenya, Nigeria and Pakistan). ■Thus, the GDG made a strong recommendation for regimen 4 and a conditional recommendation for regimen 3, meaning that if regimen 4 was not possible (i.e. if 7 days of gentamicin was not feasible), then regimen 3 may be considered (i.e. gentamicin for only 2 days). ■The evidence for regimen 4 was judged to be of moderate certainty in the previous guideline and low certainty in this guideline."
WHO_pg9_remarks_chunk4,WHO,8,Remarks,,,paragraph,920,"Source: WHO
Section: Remarks

■The evidence for regimen 4 was judged to be of moderate certainty in the previous guideline and low certainty in this guideline. The evidence was considered to be low certainty as there was serious imprecision for treatment failure (RR 0.86, 95% CI: 0.72 to 1.02) and a serious risk of bias (substantial number of missing participants relative to outcome events in both arms of the study, and poor adherence by the parent to parental administration in the oral amoxicillin arm). ■The GDG also emphasized that it was important to continue parenteral antibiotics for such a serious condition as septicaemia for at least 7 days where feasible. ■The GDG made these recommendations recognizing that regimen 4 would have additional costs (e.g. the cost of the longer duration of antibiotics and additional staff time). ■The GDG recognized that there were limited data on the dose of antibiotics."
WHO_pg9_remarks_chunk5,WHO,8,Remarks,,,paragraph,764,"Source: WHO
Section: Remarks

■The GDG made these recommendations recognizing that regimen 4 would have additional costs (e.g. the cost of the longer duration of antibiotics and additional staff time). ■The GDG recognized that there were limited data on the dose of antibiotics. Based on the trials included in the evidence review, the GDG considered that the following antibiotic doses should be used: oral amoxicillin 50 mg/kg every 12 hours in the first week of life and every 8 hours after the first week of life for a total of at least 7 days plus gentamicin IM/IV 5 mg/kg once a day in the first week of life and 7.5 mg/kg once a day after the first week of life for a total of at least 7 days (regimen 4) or for 2 days if 7 days is not possible (regimen 3)."
WHO_pg10_26_chunk1,WHO,9,26,,,paragraph,429,"Source: WHO
Section: 26

■The GDG made a strong recommendation despite the limited evidence in non-hospital settings as they felt strongly about the importance of providing clear guidance for the management of unwell infants when referral to hospital is not possible. The GDG were able to use their knowledge and experience in best practice clinical management of sepsis in young infants to make this recommendation by consensus."
WHO_pg10_background-and-definitio_chunk1,WHO,9,Background and definitions,,,paragraph,819,"Source: WHO
Section: Background and definitions

Clinical severe infection is defined by WHO as one or more of the following clinical signs in infants aged 0–59 days: not feeding well, movement only when stimulated, high body temperature (≥ 38 °C), low body temperature (< 35.5 °C), and/or severe chest indrawing. An additional sign of clinical severe infection in infants aged 0–6 days is fast breathing (≥ 60 breaths per minute) (27, 28).
In 2014, WHO developed guidelines to provide simplified antibiotic regimens (gentamicin IM for either 2 or 7 days plus oral amoxicillin for 7 days) to infants aged 0–59 days with clinical severe illness whose families do not accept or cannot access referral care at a hospital (27, 28). However, there have been changes to AMR in hospital and community settings since that time."
WHO_pg10_overview_chunk1,WHO,9,Overview,,,paragraph,306,"Source: WHO
Section: Overview

Question: Among young infants aged 0–59 days with clinical severe infection,ᵃ in non-hospital settings, what is the effect of alternative antibiotic regimens compared with WHO-recommended antibiotic regimens on critical outcomes? What is the effectiveness in specific strata?"
WHO_pg10_population-intervention-_chunk1,WHO,9,"Population, intervention, comparator and outcomes (PICO) details",,,paragraph,538,"Source: WHO
Section: Population, intervention, comparator and outcomes (PICO) details

Population: Young infants aged 0–59 days with clinical severe infection Intervention: Alternative antibiotic regimens Comparator: WHO-recommended antibiotic regimens containing oral amoxicillin, penicillin IM/IV or ampicillin IM/IV plus gentamicin IM/IV Outcomes (critical outcomes): All-cause or cause-specific mortality, morbidity (treatment failure,ᵇ treatment success,ᵇ hospitalizations, adverse events) or neurodevelopmental impairment/disability"
WHO_pg11_sources-and-characterist_chunk1,WHO,10,Sources and characteristics of studies,,,paragraph,746,"Source: WHO
Section: Sources and characteristics of studies

The effectiveness evidence was derived from a systematic review that identified 2390 studies in infants aged 0–59 days, of which 41 RCTs met the inclusion criteria (64). Among these, 35 trials examined hospital-based regimens for when hospital referral was possible and six trials examined WHO non-hospital-based regimens. Four trials of 9823 infants aged 0–59 days with clinical severe infection in rural and semi-urban PHC facilities in five countries (Bangladesh, Democratic Republic of the Congo, Kenya, Nigeria and Pakistan) compared simplified regimens that included oral antibiotics (oral amoxicillin or cotrimoxazole) versus penicillin IM plus gentamicin IM for 7 days (65-68)."
WHO_pg11_critical-outcomes_chunk1,WHO,10,Critical outcomes,,,paragraph,650,"Source: WHO
Section: Critical outcomes

For this comparison (using regimen 1, as labelled above), one study with 288 participants assessed the following outcomes with the following findings (68).
■Mortality: Moderate-certainty evidence suggests increased all-cause mortality after two weeks (1 RCT, 288 participants, RR 5.58, 95% CI: 1.26 to 24.72).
■Treatment failure: Moderate-certainty evidence suggests increased treatment failure after 7 days (1 RCT, 288 participants, RR 2.03, 95% CI: 1.09 to 3.79).
■Treatment success: Moderate-certainty evidence suggests a decrease in treatment success after 7 days (1 RCT, 288 participants, RR 0.90, 95% CI:"
WHO_pg11_critical-outcomes_chunk2,WHO,10,Critical outcomes,to 0.99).,,paragraph,338,"Source: WHO
Section: Critical outcomes
Topic: to 0.99).

■Adverse events: Not possible to estimate due to very low-certainty evidence (1 RCT, 288 participants, RR 5.07, 95% CI: 0.25 to 104.67).
No studies assessed hospitalizations or neurodevelopment for this comparison. (Full details are provided in GRADE Table A.3.1 in the Web Annex)."
WHO_pg11_critical-outcomes_chunk3,WHO,10,Critical outcomes,,,paragraph,953,"Source: WHO
Section: Critical outcomes

For this comparison (using regimen 2, as labelled above), one, two or three trials assessed the following outcomes with the following findings. ■Mortality: Very low-certainty evidence suggests little or no difference in all-cause mortality after two weeks (3 RCTs, 5066 participants, RR 1.16, 95% CI: 0.77 to 1.75) (65-67). ■Treatment failure: Moderate-certainty evidence suggests little or no difference in treatment failure after one week (3 RCTs, 5066 participants, RR 0.98, 95% CI: 0.81 to 1.19) (65-67). ■Relapse: Very low-certainty evidence from two trials of 3329 participants suggests a decrease in relapse after two weeks (2 RCTs, 3329 participants, RR 0.55, 95% CI: 0.16 to 1.97) (65, 66). ■Treatment success: Low-certainty evidence from one trial of 1639 participants suggests little or no difference in treatment success after 11–15 days (1 RCT, 1639 participants, RR 1.01, 95% CI: 0.98 to 1.05) (65)."
WHO_pg11_critical-outcomes_chunk4,WHO,10,Critical outcomes,,,paragraph,778,"Source: WHO
Section: Critical outcomes

■Treatment success: Low-certainty evidence from one trial of 1639 participants suggests little or no difference in treatment success after 11–15 days (1 RCT, 1639 participants, RR 1.01, 95% CI: 0.98 to 1.05) (65). ■Hospitalizations: Low-certainty evidence from two trials of 3276 participants suggests little or no difference in hospitalizations after two weeks (2 RCTs, 3276 participants, RR 0.91, 95% CI: 0.69 to 1.22) (66, 67). ■Adverse events: Low-certainty evidence suggests little or no difference in serious adverse events after two weeks (3 RCTs, 5066 participants, RR 0.89, 95% CI: 0.22 to 3.57) (65-67). No studies assessed neurodevelopment for this comparison. (Full details are provided in GRADE Table A.3.2 in the Web Annex)."
WHO_pg12_critical-outcomes_chunk1,WHO,11,Critical outcomes,,,paragraph,567,"Source: WHO
Section: Critical outcomes

For this comparison (using regimen 3, as labelled above), one trial assessed the following outcomes with the following findings (65).
■Mortality: Very low-certainty evidence suggests little or no difference in all-cause mortality after 7 days (1 RCT, 1784 participants, RR 0.91, 95% CI: 0.39 to 2.14) and after two weeks (1 RCT, 1784 participants, RR 0.92, 95% CI: 0.41 to 2.08).
■Treatment failure: Moderate-certainty evidence suggests a decrease in treatment failure after one week (1 RCT, 1784 participants, RR 0.67, 95% CI:"
WHO_pg12_critical-outcomes_chunk2,WHO,11,Critical outcomes,to 0.95).,,paragraph,513,"Source: WHO
Section: Critical outcomes
Topic: to 0.95).

■Relapse: Very low-certainty evidence suggests little or no difference in relapse after two weeks (1 RCT, 1676 participants, RR 0.85, 95% CI: 0.31 to 2.35).
■Adverse events: Not possible to estimate due to very low-certainty evidence (1 RCT, 1784 participants, RR 0.33, 95% CI: 0.01 to 8.22).
No studies assessed treatment success, hospitalizations or neurodevelopment for this comparison. (Full details are provided in GRADE Table A.3.3 in the Web Annex)."
WHO_pg12_critical-outcomes_chunk3,WHO,11,Critical outcomes,,,paragraph,880,"Source: WHO
Section: Critical outcomes

For this comparison (using regimen 4, as labelled above), one, two and three studies assessed the following outcomes with the following findings. ■Mortality: Low-certainty evidence suggests little or no difference in all-cause mortality after two weeks (3 RCTs, 5054 participants, RR 0.86, 95% CI: 0.55 to 1.34) (65-67). ■Treatment failure: Low-certainty evidence suggests little or no difference in treatment failure after one week (3 RCTs, 5054 participants, RR 0.86, 95% CI: 0.72 to 1.02) (65-67). ■Relapse: Low-certainty evidence suggests little or no difference in relapse after two weeks (2 RCTs, 3294 participants, RR 1.05, 95% CI: 0.57 to 1.93) (65, 66). ■Treatment success: Low-certainty evidence suggests little or no difference in treatment success after 11–15 days (1 RCT, 1640 participants, RR 0.99, 95% CI: 0.97 to 1.03) (65)."
WHO_pg12_critical-outcomes_chunk4,WHO,11,Critical outcomes,,,paragraph,677,"Source: WHO
Section: Critical outcomes

■Treatment success: Low-certainty evidence suggests little or no difference in treatment success after 11–15 days (1 RCT, 1640 participants, RR 0.99, 95% CI: 0.97 to 1.03) (65). ■Hospitalizations: Low-certainty evidence suggests a decrease in hospitalization after two weeks (2 trials, 3276 participants, RR 0.78, 95% CI: 0.58 to 1.05) (66, 67). ■Adverse events: Low-certainty evidence suggests little or no difference in serious adverse events (3 RCTs, 5054 participants, RR 1.00, 95% CI: 0.27 to 3.69) (65-67). No studies assessed neurodevelopment for this comparison. (Full details are provided in GRADE Table A.3.4 in the Web Annex)."
WHO_pg13_other-studies_chunk1,WHO,12,Other studies,,,paragraph,684,"Source: WHO
Section: Other studies

A systematic review by Duby et al. (2019) (69) of community-based antibiotic delivery for PSBI in neonates in LMICs located five additional trials with a total of 145 899 participants that compared hospital referral to community-based packages which combined antibiotics with other co-interventions. The meta-analysis from Duby et al. concluded that community-based antibiotic packages reduced neonatal mortality when compared with standard hospital referral for neonatal PSBI in resource-limited settings, though the use of co-interventions prevented disentanglement of their contribution from that of the community-based antibiotic packages (69)."
WHO_pg13_other-studies_chunk2,WHO,12,Other studies,,,paragraph,714,"Source: WHO
Section: Other studies

The meta-analysis from Duby et al. concluded that community-based antibiotic packages reduced neonatal mortality when compared with standard hospital referral for neonatal PSBI in resource-limited settings, though the use of co-interventions prevented disentanglement of their contribution from that of the community-based antibiotic packages (69). Duby et al. also concluded that simplified, community- based treatment of PSBI using regimens that rely on the combination of oral and injectable antibiotics does not result in increased neonatal mortality when compared with the standard treatment of using only injectable antibiotics (i.e. the control for this comparison) (69)."
WHO_pg13_other-studies_chunk3,WHO,12,Other studies,,,paragraph,1011,"Source: WHO
Section: Other studies

Duby et al. also concluded that simplified, community- based treatment of PSBI using regimens that rely on the combination of oral and injectable antibiotics does not result in increased neonatal mortality when compared with the standard treatment of using only injectable antibiotics (i.e. the control for this comparison) (69). A meta-analysis by Longombe et al. (2022) (70) of pooled individual patient-level data from three trials in Africa and Asia (65-67) (including 5075 intention- to-treat [ITT] participants and 4729 per protocol [PP] participants analysed for the primary outcome)
reported a reduced risk of the primary outcome (poor clinical outcome defined as death by day 15, treatment failure by day 7 or non-fatal relapse between days 8 and 15) in infants who received oral amoxicillin for 7 days and gentamicin IM for 7 days (= intervention group) compared with the infants who received the standard of care (procaine penicillin and

gentamicin IM for 7 days)"
WHO_pg13_other-studies_chunk4,WHO,12,Other studies,,,paragraph,787,"Source: WHO
Section: Other studies

A meta-analysis by Longombe et al. (2022) (70) of pooled individual patient-level data from three trials in Africa and Asia (65-67) (including 5075 intention- to-treat [ITT] participants and 4729 per protocol [PP] participants analysed for the primary outcome)
reported a reduced risk of the primary outcome (poor clinical outcome defined as death by day 15, treatment failure by day 7 or non-fatal relapse between days 8 and 15) in infants who received oral amoxicillin for 7 days and gentamicin IM for 7 days (= intervention group) compared with the infants who received the standard of care (procaine penicillin and gentamicin IM for 7 days) (= control group)
(ITT analysis RR 0.84, 95% CI: 0.72 to 0.99; PP analysis RR 0.81, 95% CI: 0.69 to 0.96)."
WHO_pg13_other-studies_chunk5,WHO,12,Other studies,,,paragraph,1024,"Source: WHO
Section: Other studies

A meta-analysis by Longombe et al. (2022) (70) of pooled individual patient-level data from three trials in Africa and Asia (65-67) (including 5075 intention- to-treat [ITT] participants and 4729 per protocol [PP] participants analysed for the primary outcome)
reported a reduced risk of the primary outcome (poor clinical outcome defined as death by day 15, treatment failure by day 7 or non-fatal relapse between days 8 and 15) in infants who received oral amoxicillin for 7 days and gentamicin IM for 7 days (= intervention group) compared with the infants who received the standard of care (procaine penicillin and gentamicin IM for 7 days) (= control group)
(ITT analysis RR 0.84, 95% CI: 0.72 to 0.99; PP analysis RR 0.81, 95% CI: 0.69 to 0.96). Longombe et al.
concluded that oral amoxicillin plus gentamicin IM regimens may be superior to the procaine penicillin plus gentamicin IM regimens for treatment of young infants with PSBI when

referral to hospital is not feasible (70)."
WHO_pg14_evidence_chunk1,WHO,13,evidence,,,paragraph,844,"Source: WHO
Section: evidence

■Increased all-cause mortality and treatment failure ■Decreased treatment success ■No evidence for treatment success, hospitalizations, adverse events and neuro- developmental impairment/ disability ■Little or no difference in all- cause mortality, treatment failure, treatment success, relapse and hospitalizations ■No evidence for adverse events and neuro- developmental impairment/ disability ■Decreased treatment failure ■Little or no difference in all- cause mortality and relapse ■No evidence for treatment success, hospitalizations, and adverse events and neuro- developmental impairment/ disability ■Decreased treatment failure ■Little or no difference in all- cause mortality, relapse and adverse events ■No evidence for treatment success, hospitalizations and neuro- developmental impairment/ disability"
WHO_pg14_see-table-2-1_chunk1,WHO,13,ᵃ See Table 2.1.,,,table,983,"Source: WHO
Section: ᵃ See Table 2.1.

Evidence Profile
• Comparisons: Summary of effectiveness evidence | Intervention 1: oral cotrimoxazole for 7 days plus gentamicin IM for 7 days vs Comparator: penicillin IM plus gentamicin IM for 7 days: ■ Increased all-cause mortality and treatment failure ■ Decreased treatment success ■ No evidence for treatment success, hospitalizations, adverse events and neuro- developmental impairment/ disability | Intervention 2: procaine penicillin IM for 2 days plus gentamicin IM for 2 days followed by oral amoxicillin for 5 days vs Comparator: penicillin IM plus gentamicin IM for 7 days: ■ Little or no difference in all- cause mortality, treatment failure, treatment success, relapse and hospitalizations ■ No evidence for adverse events and neuro- developmental impairment/ disability | Intervention 3: oral amoxicillin for 7 days plus gentamicin IM for 2 days vs Comparator: penicillin IM plus gentamicin IM for 7 days: ■ Decreased treatment"
WHO_pg14_see-table-2-1_chunk2,WHO,13,ᵃ See Table 2.1.,,,table,624,"Source: WHO
Section: ᵃ See Table 2.1.

failure ■ Little or no difference in all- cause mortality and relapse ■ No evidence for treatment success, hospitalizations, and adverse events and neuro- developmental impairment/ disability | Intervention 4: oral amoxicillin for 7 days plus gentamicin IM for 7 days vs Comparator: penicillin IM plus gentamicin IM for 7 days: ■ Decreased treatment failure ■ Little or no difference in all- cause mortality, relapse and adverse events ■ No evidence for treatment success, hospitalizations and neuro- developmental impairment/ disability
• Comparisons: Evidence-to-Decision summary ᵃ
•"
WHO_pg14_see-table-2-1_chunk3,WHO,13,ᵃ See Table 2.1.,,,table,398,"Source: WHO
Section: ᵃ See Table 2.1.

Comparisons: Benefits | Intervention 1: oral cotrimoxazole for 7 days plus gentamicin IM for 7 days vs Comparator: penicillin IM plus gentamicin IM for 7 days: Moderate decrease | Intervention 2: procaine penicillin IM for 2 days plus gentamicin IM for 2 days followed by oral amoxicillin for 5 days vs Comparator: penicillin IM plus gentamicin IM for 7 days:"
WHO_pg14_see-table-2-1_chunk4,WHO,13,ᵃ See Table 2.1.,,,table,986,"Source: WHO
Section: ᵃ See Table 2.1.

Comparisons: Benefits | Intervention 1: oral cotrimoxazole for 7 days plus gentamicin IM for 7 days vs Comparator: penicillin IM plus gentamicin IM for 7 days: Moderate decrease | Intervention 2: procaine penicillin IM for 2 days plus gentamicin IM for 2 days followed by oral amoxicillin for 5 days vs Comparator: penicillin IM plus gentamicin IM for 7 days: Trivial or no difference | Intervention 3: oral amoxicillin for 7 days plus gentamicin IM for 2 days vs Comparator: penicillin IM plus gentamicin IM for 7 days: Small increase | Intervention 4: oral amoxicillin for 7 days plus gentamicin IM for 7 days vs Comparator: penicillin IM plus gentamicin IM for 7 days: Small increase
• Comparisons: Harms | Intervention 1: oral cotrimoxazole for 7 days plus gentamicin IM for 7 days vs Comparator: penicillin IM plus gentamicin IM for 7 days: Don’t know | Intervention 2: procaine penicillin IM for 2 days plus gentamicin IM for 2 days followed"
WHO_pg14_see-table-2-1_chunk5,WHO,13,ᵃ See Table 2.1.,,,table,980,"Source: WHO
Section: ᵃ See Table 2.1.

Trivial or no difference | Intervention 3: oral amoxicillin for 7 days plus gentamicin IM for 2 days vs Comparator: penicillin IM plus gentamicin IM for 7 days: Small increase | Intervention 4: oral amoxicillin for 7 days plus gentamicin IM for 7 days vs Comparator: penicillin IM plus gentamicin IM for 7 days: Small increase
• Comparisons: Harms | Intervention 1: oral cotrimoxazole for 7 days plus gentamicin IM for 7 days vs Comparator: penicillin IM plus gentamicin IM for 7 days: Don’t know | Intervention 2: procaine penicillin IM for 2 days plus gentamicin IM for 2 days followed by oral amoxicillin for 5 days vs Comparator: penicillin IM plus gentamicin IM for 7 days: Trivial or no difference | Intervention 3: oral amoxicillin for 7 days plus gentamicin IM for 2 days vs Comparator: penicillin IM plus gentamicin IM for 7 days: Don’t know | Intervention 4: oral amoxicillin for 7 days plus gentamicin IM for 7 days vs Comparator:"
WHO_pg14_see-table-2-1_chunk6,WHO,13,ᵃ See Table 2.1.,,,table,988,"Source: WHO
Section: ᵃ See Table 2.1.

Trivial or no difference | Intervention 3: oral amoxicillin for 7 days plus gentamicin IM for 2 days vs Comparator: penicillin IM plus gentamicin IM for 7 days: Don’t know | Intervention 4: oral amoxicillin for 7 days plus gentamicin IM for 7 days vs Comparator: penicillin IM plus gentamicin IM for 7 days: Trivial or no difference
• Comparisons: Antimicrobial resistance | Intervention 1: oral cotrimoxazole for 7 days plus gentamicin IM for 7 days vs Comparator: penicillin IM plus gentamicin IM for 7 days: Small concerns | Intervention 2: procaine penicillin IM for 2 days plus gentamicin IM for 2 days followed by oral amoxicillin for 5 days vs Comparator: penicillin IM plus gentamicin IM for 7 days: Small concerns | Intervention 3: oral amoxicillin for 7 days plus gentamicin IM for 2 days vs Comparator: penicillin IM plus gentamicin IM for 7 days: Small concerns | Intervention 4: oral amoxicillin for 7 days plus gentamicin IM for 7 days"
WHO_pg14_see-table-2-1_chunk7,WHO,13,ᵃ See Table 2.1.,,,table,285,"Source: WHO
Section: ᵃ See Table 2.1.

vs Comparator: penicillin IM plus gentamicin IM for 7 days: Small concerns
• Comparisons: Balance of effects | Intervention 1: oral cotrimoxazole for 7 days plus gentamicin IM for 7 days vs Comparator: penicillin IM plus gentamicin IM for 7 days:"
WHO_pg14_see-table-2-1_chunk8,WHO,13,ᵃ See Table 2.1.,,,table,980,"Source: WHO
Section: ᵃ See Table 2.1.

Favours control | Intervention 2: procaine penicillin IM for 2 days plus gentamicin IM for 2 days followed by oral amoxicillin for 5 days vs Comparator: penicillin IM plus gentamicin IM for 7 days: Does not favour intervention or control | Intervention 3: oral amoxicillin for 7 days plus gentamicin IM for 2 days vs Comparator: penicillin IM plus gentamicin IM for 7 days: Probably favours intervention | Intervention 4: oral amoxicillin for 7 days plus gentamicin IM for 7 days vs Comparator: penicillin IM plus gentamicin IM for 7 days: Probably favours intervention
• Comparisons: Certainty | Intervention 1: oral cotrimoxazole for 7 days plus gentamicin IM for 7 days vs Comparator: penicillin IM plus gentamicin IM for 7 days: Moderate | Intervention 2: procaine penicillin IM for 2 days plus gentamicin IM for 2 days followed by oral amoxicillin for 5 days vs Comparator: penicillin IM plus gentamicin IM for 7 days: Low to moderate |"
WHO_pg14_see-table-2-1_chunk9,WHO,13,ᵃ See Table 2.1.,,,table,987,"Source: WHO
Section: ᵃ See Table 2.1.

Intervention 3: oral amoxicillin for 7 days plus gentamicin IM for 2 days vs Comparator: penicillin IM plus gentamicin IM for 7 days: Low | Intervention 4: oral amoxicillin for 7 days plus gentamicin IM for 7 days vs Comparator: penicillin IM plus gentamicin IM for 7 days: Low
• Comparisons: Values | Intervention 1: oral cotrimoxazole for 7 days plus gentamicin IM for 7 days vs Comparator: penicillin IM plus gentamicin IM for 7 days: Probably no variability | Intervention 2: procaine penicillin IM for 2 days plus gentamicin IM for 2 days followed by oral amoxicillin for 5 days vs Comparator: penicillin IM plus gentamicin IM for 7 days: Probably no variability | Intervention 3: oral amoxicillin for 7 days plus gentamicin IM for 2 days vs Comparator: penicillin IM plus gentamicin IM for 7 days: Probably no variability | Intervention 4: oral amoxicillin for 7 days plus gentamicin IM for 7 days vs Comparator: penicillin IM plus gentamicin"
WHO_pg14_see-table-2-1_chunk10,WHO,13,ᵃ See Table 2.1.,,,table,988,"Source: WHO
Section: ᵃ See Table 2.1.

Acceptability | Intervention 1: oral cotrimoxazole for 7 days plus gentamicin IM for 7 days vs Comparator: penicillin IM plus gentamicin IM for 7 days: Probably acceptable | Intervention 2: procaine penicillin IM for 2 days plus gentamicin IM for 2 days followed by oral amoxicillin for 5 days vs Comparator: penicillin IM plus gentamicin IM for 7 days: Probably acceptable | Intervention 3: oral amoxicillin for 7 days plus gentamicin IM for 2 days vs Comparator: penicillin IM plus gentamicin IM for 7 days: Probably acceptable | Intervention 4: oral amoxicillin for 7 days plus gentamicin IM for 7 days vs Comparator: penicillin IM plus gentamicin IM for 7 days: Probably acceptable
• Comparisons: Resources | Intervention 1: oral cotrimoxazole for 7 days plus gentamicin IM for 7 days vs Comparator: penicillin IM plus gentamicin IM for 7 days: Low costs | Intervention 2: procaine penicillin IM for 2 days plus gentamicin IM for 2 days followed"
WHO_pg14_see-table-2-1_chunk11,WHO,13,ᵃ See Table 2.1.,,,table,446,"Source: WHO
Section: ᵃ See Table 2.1.

by oral amoxicillin for 5 days vs Comparator: penicillin IM plus gentamicin IM for 7 days: Low costs | Intervention 3: oral amoxicillin for 7 days plus gentamicin IM for 2 days vs Comparator: penicillin IM plus gentamicin IM for 7 days: Low costs | Intervention 4: oral amoxicillin for 7 days plus gentamicin IM for 7 days vs Comparator: penicillin IM plus gentamicin IM for 7 days: Low costs
• Comparisons:"
WHO_pg14_see-table-2-1_chunk12,WHO,13,ᵃ See Table 2.1.,,,table,693,"Source: WHO
Section: ᵃ See Table 2.1.

Feasibility | Intervention 1: oral cotrimoxazole for 7 days plus gentamicin IM for 7 days vs Comparator: penicillin IM plus gentamicin IM for 7 days: Feasible | Intervention 2: procaine penicillin IM for 2 days plus gentamicin IM for 2 days followed by oral amoxicillin for 5 days vs Comparator: penicillin IM plus gentamicin IM for 7 days: Feasible | Intervention 3: oral amoxicillin for 7 days plus gentamicin IM for 2 days vs Comparator: penicillin IM plus gentamicin IM for 7 days: Feasible | Intervention 4: oral amoxicillin for 7 days plus gentamicin IM for 7 days vs Comparator: penicillin IM plus gentamicin IM for 7 days: Feasible
• Comparisons:"
WHO_pg14_see-table-2-1_chunk13,WHO,13,ᵃ See Table 2.1.,,,table,882,"Source: WHO
Section: ᵃ See Table 2.1.

Feasible | Intervention 4: oral amoxicillin for 7 days plus gentamicin IM for 7 days vs Comparator: penicillin IM plus gentamicin IM for 7 days: Feasible
• Comparisons: Equity | Intervention 1: oral cotrimoxazole for 7 days plus gentamicin IM for 7 days vs Comparator: penicillin IM plus gentamicin IM for 7 days: Probably equitable | Intervention 2: procaine penicillin IM for 2 days plus gentamicin IM for 2 days followed by oral amoxicillin for 5 days vs Comparator: penicillin IM plus gentamicin IM for 7 days: Probably equitable | Intervention 3: oral amoxicillin for 7 days plus gentamicin IM for 2 days vs Comparator: penicillin IM plus gentamicin IM for 7 days: Probably equitable | Intervention 4: oral amoxicillin for 7 days plus gentamicin IM for 7 days vs Comparator: penicillin IM plus gentamicin IM for 7 days: Probably equitable"
WHO_pg15_recommendation-a-4-updat_rec1_chunk1,WHO,14,Recommendation A.4 (UPDATED),,rec1,recommendation,330,"Source: WHO
Section: Recommendation A.4 (UPDATED)
Recommendation: rec1

Recommendation: Young infants aged 0–6 days with fast breathing as the only IMCI sign of illness should be referred to hospital. If referral is not possible, oral amoxicillin for at least 7 days is recommended. (Strong recommendation, low-certainty evidence)"
WHO_pg15_remarks_chunk1,WHO,14,Remarks,,,paragraph,911,"Source: WHO
Section: Remarks

■The recommendation was based on two RCTs of 1308 infants aged 0–6 days with fast breathing (≥ 60 breaths per minute) as their only clinical sign in rural and semi-urban PHC facilities in four countries: the Democratic Republic of the Congo, Kenya, Nigeria and Pakistan. ■For the trial examining oral amoxicillin versus placebo, the GDG considered that there was a small improvement in critical outcomes in the oral amoxicillin arm, based on low-certainty evidence. ■For the trial examining oral amoxicillin versus penicillin IM plus gentamicin IM, the GDG considered that there were similar effects on critical outcomes in both arms; however, the evidence was very low certainty as there was serious imprecision (for treatment failure, RR 0.99, 95% CI: 0.77 to 1.27), a serious risk of bias (protocol deviations unbalanced between arms) and only a single study reporting outcomes."
WHO_pg15_remarks_chunk2,WHO,14,Remarks,,,paragraph,956,"Source: WHO
Section: Remarks

■For the trial examining oral amoxicillin versus penicillin IM plus gentamicin IM, the GDG considered that there were similar effects on critical outcomes in both arms; however, the evidence was very low certainty as there was serious imprecision (for treatment failure, RR 0.99, 95% CI: 0.77 to 1.27), a serious risk of bias (protocol deviations unbalanced between arms) and only a single study reporting outcomes. ■The GDG recognized the possible adverse effects of oral antibiotics on the microbiome and AMR in young infants aged 0–6 days but considered that the benefits of oral antibiotics outweighed the potential risks. ■The GDG also recognized that there were limited data on dose and duration of oral amoxicillin antibiotic therapy. Based on the trials included in the evidence review, the GDG considered that the following antibiotic dose should be used: oral amoxicillin 50 mg/kg every 12 hours for at least 7 days."
WHO_pg15_remarks_chunk3,WHO,14,Remarks,,,paragraph,627,"Source: WHO
Section: Remarks

Based on the trials included in the evidence review, the GDG considered that the following antibiotic dose should be used: oral amoxicillin 50 mg/kg every 12 hours for at least 7 days. ■The GDG made a strong recommendation despite the limited evidence in non-hospital settings as they felt strongly about the importance of providing clear guidance for the management of unwell infants when referral to hospital is not possible. The GDG were able to use their knowledge and experience in best practice clinical management of fast breathing in young infants to make this recommendation by consensus."
WHO_pg15_background-and-definitio_chunk1,WHO,14,Background and definitions,,,paragraph,438,"Source: WHO
Section: Background and definitions

In infants aged 0–6 days, WHO defines fast breathing as 60 breaths per minute or more (27, 28). In 2014, WHO recommended simplified antibiotic regimens (oral amoxicillin for 7 days) for infants aged 0–6 days with fast breathing whose families do not accept or cannot access referral care (27, 28). However, there have been changes to AMR in hospital and community settings since that time."
WHO_pg16_overview_chunk1,WHO,15,Overview,,,paragraph,332,"Source: WHO
Section: Overview

Question: Among young infants aged 0–6 days with fast breathing as the only clinical sign of illness,ᵃ in non- hospital settings, what is the effect of alternative antibiotic regimens compared with WHO-recommended antibiotic regimens on critical outcomes? What is the effectiveness in specific strata?"
WHO_pg16_population-intervention-_chunk1,WHO,15,"Population, intervention, comparator and outcomes (PICO) details",,,paragraph,581,"Source: WHO
Section: Population, intervention, comparator and outcomes (PICO) details

Population: Young infants aged 0–6 days with fast breathing as the only clinical sign of illness Intervention: Alternative antibiotic regimens Comparator: WHO-recommended antibiotic regimens containing only oral amoxicillin or a combination of penicillin or ampicillin IM/IV plus gentamicin IM/IV Outcomes (critical outcomes): All-cause or cause-specific mortality, morbidity (treatment failure,ᵇ treatment success,ᵇ hospitalizations, adverse events) or neurodevelopmental impairment/disability"
WHO_pg16_sources-and-characterist_chunk1,WHO,15,Sources and characteristics of studies,,,paragraph,802,"Source: WHO
Section: Sources and characteristics of studies

The effectiveness evidence was derived from a systematic review that identified 2390 studies in infants aged 0–59 days, of which 41 RCTs met the inclusion criteria (64). Among these, 35 trials examined hospital-based regimens for when hospital referral was possible and six trials examined WHO non-hospital-based regimens.
Two trials of 1308 infants from four countries (Democratic Republic of the Congo, Kenya, Nigeria and Pakistan) examined isolated fast breathing in infants aged 0–6 days. One trial of 426 infants aged 0–6 days (71) compared oral amoxicillin for 7 days with placebo for 7 days, while the other trial of 882 infants aged 0–6 days (72) compared oral amoxicillin for 7 days with penicillin IM plus gentamicin IM for 7 days."
WHO_pg17_critical-outcomes_chunk1,WHO,16,Critical outcomes,,,paragraph,911,"Source: WHO
Section: Critical outcomes

For this comparison, one study of 426 participants assessed the following outcomes with the following findings (72).
■Mortality: Very low-certainty evidence (1 RCT, 426 participants) and RR and CI not estimable for all-cause mortality after two weeks.
■Treatment failure: Low-certainty evidence suggests a decrease in treatment failure after one week (1 RCT, 426 participants, RR 0.45, 95% CI: 0.17 to 1.16).
■Relapse: Very low-certainty evidence suggests a decrease in relapse after one week (1 RCT, 426 participants, RR 0.68, 95% CI: 0.26 to 1.75).
■Hospitalizations: Very low-certainty evidence suggests a decrease in hospitalization after one week (1 RCT, 426 participants, RR 0.49, 95% CI: 0.09 to 2.63).
No studies assessed treatment success, neurodevelopment or adverse events for this comparison. (Full details are provided in GRADE Table A.4.1 in the Web Annex)."
WHO_pg17_critical-outcomes_chunk2,WHO,16,Critical outcomes,,,paragraph,946,"Source: WHO
Section: Critical outcomes

For this comparison, one study of 882 participants assessed the following outcomes with the following findings (71).
■Mortality: Very low-certainty evidence suggests increase in all-cause mortality after two weeks (1 RCT, 882 participants, RR 1.50, 95% CI: 0.25 to 8.93).
■Treatment failure: Very low-certainty evidence suggests little or no difference in treatment failure after one week (1 RCT, 882 participants, RR 0.99, 95% CI: 0.77 to 1.27).
■Relapse: Very low-certainty evidence suggests little or no difference in relapse after 1–2 weeks (1 RCT, 882 participants, RR 1.08, 95% CI: 0.50 to 2.35).
Adverse events: Not possible to estimate due to very low-certainty evidence from the trial with 882 participants (RR and CI not estimable).
No studies assessed treatment success, hospitalizations or neurodevelopment for this comparison. (Full details are provided in GRADE Table A.4.2 in the Web Annex)."
WHO_pg18_evidence_chunk1,WHO,17,evidence,,,paragraph,430,"Source: WHO
Section: evidence

■Little or no difference in all-cause mortality ■Decrease in treatment failure and relapse ■No evidence for treatment success, hospitalizations, adverse events and neurodevelopmental impairment/ disability ■Little or no difference in all-cause mortality, treatment failure and relapse ■No evidence for treatment success, hospitalizations, adverse events and neurodevelopmental impairment/ disability"
WHO_pg18_see-table-2-1_chunk1,WHO,17,ᵃ See Table 2.1.,,,table,751,"Source: WHO
Section: ᵃ See Table 2.1.

Evidence Profile
• Comparisons: Summary of effectiveness evidence | Intervention 1: oral amoxicillin for 7 days vs Comparator 1: oral placebo for 7 days: ■ Little or no difference in all-cause mortality ■ Decrease in treatment failure and relapse ■ No evidence for treatment success, hospitalizations, adverse events and neurodevelopmental impairment/ disability | Intervention 2: oral amoxicillin for 7 days vs Comparator 2: penicillin IM plus gentamicin IM for 7 days: ■ Little or no difference in all-cause mortality, treatment failure and relapse ■ No evidence for treatment success, hospitalizations, adverse events and neurodevelopmental impairment/ disability
• Comparisons: Evidence-to-Decision summary ᵃ"
WHO_pg19_recommendation-a-5-updat_rec1_chunk1,WHO,18,Recommendation A.5 (UPDATED),,rec1,recommendation,330,"Source: WHO
Section: Recommendation A.5 (UPDATED)
Recommendation: rec1

Recommendation: Young infants aged 7–59 days with fast breathing as the only IMCI sign of illness should be treated with oral amoxicillin for at least 7 days. These infants can be managed outside hospital. (Strong recommendation, very low-certainty evidence)"
WHO_pg19_remarks_chunk1,WHO,18,Remarks,,,paragraph,833,"Source: WHO
Section: Remarks

■The recommendation was based on three trials of 4307 infants aged 7–59 days from PHC clinics in Bangladesh, the Democratic Republic of the Congo, Ethiopia, India, Kenya, Malawi, Nigeria and Pakistan. ■For the trial that compared oral amoxicillin for 7 days with procaine penicillin IM plus gentamicin IM for 7 days (1451 infants in the Democratic Republic of the Congo, Kenya and Nigeria), the evidence was judged as low certainty in the previous WHO guideline (2014) and very low certainty in this guideline. This was due to the serious imprecision for treatment failure (RR 0.86, 95% CI: 0.70 to 1.07) and the serious risk of bias (comparator arm had more protocol deviations, and different people administered antibiotics – parents in the intervention arm and study personnel in the comparator arm)."
WHO_pg19_remarks_chunk2,WHO,18,Remarks,,,paragraph,883,"Source: WHO
Section: Remarks

This was due to the serious imprecision for treatment failure (RR 0.86, 95% CI: 0.70 to 1.07) and the serious risk of bias (comparator arm had more protocol deviations, and different people administered antibiotics – parents in the intervention arm and study personnel in the comparator arm). ■The GDG also considered evidence from one trial of 544 infants aged 7–59 days in Pakistan that compared oral amoxicillin versus placebo and from another trial of 2312 infants in Bangladesh, Ethiopia, India and Malawi that compared oral amoxicillin plus enhanced CHW community case management versus standard community case management. Both trials found little or no difference in the effect of oral amoxicillin based on low- or very low-certainty evidence. ■The GDG recognized that there were limited data available on dose and duration of antibiotic therapy."
WHO_pg19_remarks_chunk3,WHO,18,Remarks,,,paragraph,823,"Source: WHO
Section: Remarks

Both trials found little or no difference in the effect of oral amoxicillin based on low- or very low-certainty evidence. ■The GDG recognized that there were limited data available on dose and duration of antibiotic therapy. Based on the trials included in the evidence review, the GDG considered that the following antibiotic dose should be used:
oral amoxicillin 50 mg/kg every 12 hours for at least 7 days. ■The GDG made a strong recommendation despite the limited evidence in non-hospital settings as they felt strongly about the importance of providing clear guidance for the management of infants with fast breathing. The GDG were able to use their knowledge and experience in best practice clinical management of fast breathing in young infants to make this recommendation by consensus."
WHO_pg19_background-and-definitio_chunk1,WHO,18,Background and definitions,,,paragraph,432,"Source: WHO
Section: Background and definitions

In infants aged 7–59 days, WHO defines fast breathing as 60 breaths per minute or more (28). In 2014, WHO recommended simplified antibiotic regimens (oral amoxicillin for 7 days) for infants aged 7–59 days with fast breathing whose families do not accept or cannot access referral care (28). However, there have been changes to AMR in hospital and community settings since that time."
WHO_pg20_overview_chunk1,WHO,19,Overview,,,paragraph,323,"Source: WHO
Section: Overview

Question: Among young infants aged 7–59 days with fast breathing as the only sign of illness,ᵃ in non-hospital settings, what is the effect of alternative antibiotic regimens compared with WHO-recommended antibiotic regimens on critical outcomes? What is the effectiveness in specific strata?"
WHO_pg20_population-intervention-_chunk1,WHO,19,"Population, intervention, comparator and outcomes (PICO) details",,,paragraph,579,"Source: WHO
Section: Population, intervention, comparator and outcomes (PICO) details

Population: Young infants aged 7–59 days with with fast breathing as the only sign of illness Intervention: Alternative antibiotic regimens Comparator: WHO-recommended antibiotic regimens containing only oral amoxicillin, or a combination of penicillin or ampicillin IM/IV plus gentamicin IM/IV Outcomes (critical outcomes): All-cause or cause-specific mortality, morbidity (treatment failure,ᵇ treatment success,ᵇ hospitalizations, adverse events) or neurodevelopmental impairment/disability"
WHO_pg20_sources-and-characterist_chunk1,WHO,19,Sources and characteristics of studies,,,paragraph,653,"Source: WHO
Section: Sources and characteristics of studies

The effectiveness evidence was derived from a systematic review that identified 2601 studies in infants aged 0–59 days, of which 10 RCTs met the inclusion criteria (73). Among these, seven of the studies examined hospital-based regimens and three trials of 4307 infants aged 7–59 days examined fast breathing as an isolated clinical sign in eight countries, and these are the three trials that the recommendation is based on. One was a trial in Pakistan of 544 infants with isolated fast breathing where referral was not possible and it compared oral amoxicillin for 7 days with placebo (72)."
WHO_pg20_sources-and-characterist_chunk2,WHO,19,Sources and characteristics of studies,,,paragraph,898,"Source: WHO
Section: Sources and characteristics of studies

One was a trial in Pakistan of 544 infants with isolated fast breathing where referral was not possible and it compared oral amoxicillin for 7 days with placebo (72). Another of these three trials was a larger multi-country trial of 2312 infants with isolated fast breathing in Bangladesh, Ethiopia, India and Malawi that compared oral amoxicillin for 7 days plus enhanced CHW community case management (assess hypoxaemia with a pulse oximeter and refer hypoxaemic infants to a referral facility/hospital)
with standard community case management (assess fast breathing and danger signs and refer) (74). The third trial included 1451 infants with isolated fast breathing in the Democratic Republic of the Congo, Kenya and Nigeria, and it compared oral amoxicillin for 7 days with procaine penicillin IM plus gentamicin IM for 7 days (71)."
WHO_pg21_critical-outcomes_chunk1,WHO,20,Critical outcomes,,,paragraph,444,"Source: WHO
Section: Critical outcomes

For this comparison, one study of 544 participants assessed the following outcomes with the following findings (72).
■Mortality: Very low-certainty evidence (1 RCT, 544 participants), and RR and CI are not estimable for all-cause mortality after two weeks.
■Treatment failure: Very low-certainty evidence suggests a decrease in treatment failure after 1–2 weeks (1 RCT, 544 participants, RR 0.51, 95% CI:"
WHO_pg21_critical-outcomes_chunk2,WHO,20,Critical outcomes,to 1.35).,,paragraph,533,"Source: WHO
Section: Critical outcomes
Topic: to 1.35).

■Relapse: Very low-certainty evidence suggests little or no difference in relapse after 1–2 weeks (1 RCT, 544 participants, RR 1.18, 95% CI: 0.43 to 3.20).
■Hospitalizations: Very low-certainty evidence suggests a decrease in hospitalization after one week (1 RCT, 544 participants, RR 0.77, 95% CI: 0.17 to 3.42).
No studies assessed treatment success, neurodevelopment or adverse events for this comparison. (Full details are provided in GRADE Table A.5.1 in the Web Annex)."
WHO_pg21_critical-outcomes_chunk3,WHO,20,Critical outcomes,,,paragraph,640,"Source: WHO
Section: Critical outcomes

For this comparison, one study of 2312 participants assessed the following outcomes with the following findings (74).
■Mortality: Low-certainty evidence suggests little or no difference in all-cause mortality after two weeks (1 RCT, 2312 participants, adjusted RR [aRR] 0.99, 95% CI: 0.14 to 6.97).
■Treatment failure: Low-certainty evidence suggests little or no difference in treatment failure after one week (1 RCT, 2312 participants, aRR 0.86, 95% CI:

■Hospitalizations: Very low-certainty evidence suggests decrease in hospitalization after one week (1 RCT, 2312 participants, aRR 0.63, 95% CI:"
WHO_pg21_critical-outcomes_chunk4,WHO,20,Critical outcomes,to 1.33).,,paragraph,342,"Source: WHO
Section: Critical outcomes
Topic: to 1.33).

■Adverse events: Not possible to estimate due to very low-certainty evidence from the trial of 2312 participants (RR and CI not estimable).
No studies assessed treatment success or neurodevelopment for this comparison. (Full details are provided in GRADE Table A.5.2 in the Web Annex)."
WHO_pg21_critical-outcomes_chunk5,WHO,20,Critical outcomes,,,paragraph,937,"Source: WHO
Section: Critical outcomes

For this comparison one study assessed the following outcomes with the following findings (71).
■Mortality: Very low-certainty evidence suggests a decrease in all-cause mortality after two weeks (1 RCT, 1451 participants, RR 0.50, 95% CI: 0.05 to 5.56).
■Treatment failure: Very low-certainty evidence suggests little or no difference in treatment failure after one week (1 RCT, 1451 participants, RR 0.86, 95% CI: 0.70 to 1.07).
■Relapse: Very low-certainty evidence suggests little or no difference in relapse after one week (1 RCT, 1180 participants, RR 0.98, 95% CI: 0.41 to 2.33).
■Adverse events: Very low-certainty evidence (1 RCT, 1451 participants) suggests little or no difference in serious adverse events (not estimable).
No studies assessed treatment success, hospitalizations or neurodevelopment for this comparison. (Full details are provided in GRADE Table A.5.3 in the Web Annex)."
WHO_pg23_evidence_chunk1,WHO,22,evidence,,,paragraph,657,"Source: WHO
Section: evidence

■Decrease in treatment failure and hospitalization ■Little or no difference in all-cause mortality and relapse ■No evidence for treatment success, adverse events and neurodevelopmental impairment/disability ■Decrease in hospitalization ■Little or no difference in all-cause mortality, treatment failure ■No evidence for treatment success, hospitalizations, adverse events and neurodevelopmental impairment/disability ■Decrease in all-cause mortality ■Little or no difference in treatment failure, relapse, serious adverse events ■No evidence for treatment success, hospitalizations and neurodevelopmental impairment/disability"
WHO_pg24_remarks_chunk1,WHO,23,Remarks,,,paragraph,940,"Source: WHO
Section: Remarks

■The GDG reviewed 28 studies that recruited 138 575 infants aged 0–59 days in 20 countries – 17 LMICs: Bangladesh, Bolivia (Plurinational State of), Brazil, China, Ethiopia, Gambia, Ghana, India, Kenya, Pakistan, Papua New Guinea, the Philippines, South Africa, Thailand, Uganda, Viet Nam and Zimbabwe; and three high-income countries (HICs): Canada, Greece and Italy. ■All 28 studies compared assessment of clinical signs of sepsis with physician judgement of sepsis or mortality as the reference standard. The studies used a range of prediction models, weighted scores and checklists. ■The GDG decided not to make a recommendation on use of hospital-based algorithms for diagnosing sepsis as all studies used algorithms with laboratory tests that are not currently feasible in low-resource settings. ■The GDG recognized that some of these algorithms were routinely being used for risk stratification in HICs."
WHO_pg24_remarks_chunk2,WHO,23,Remarks,,,paragraph,699,"Source: WHO
Section: Remarks

■The GDG decided not to make a recommendation on use of hospital-based algorithms for diagnosing sepsis as all studies used algorithms with laboratory tests that are not currently feasible in low-resource settings. ■The GDG recognized that some of these algorithms were routinely being used for risk stratification in HICs. However, they considered that evidence about these algorithms was limited to single studies with small sample sizes and did not have external validation. The GDG considered that further research is needed before recommendations on their use can be developed. ■The GDG proposed further research using harmonized and standardized assessment tools."
WHO_pg24_background-and-definitio_chunk1,WHO,23,Background and definitions,,,paragraph,950,"Source: WHO
Section: Background and definitions

For hospitalized infants, the WHO Pocket book of hospital care for children defined suspected sepsis in 2013 as one or more of the following clinical signs: not feeding well, movement only when stimulated, high body temperature (≥ 38 °C), low body temperature (< 35.5 °C), severe chest indrawing, not able to feed at all, no movement on stimulation, convulsions, drowsiness or unconsciousness, grunting, central cyanosis, severe jaundice and severe abdominal distention in infants aged 0–59 days, or fast breathing (≥ 60 breaths per minute) in infants aged under 0–6 days (12, 13). In 2013, this definition did not include laboratory tests due to the lack of availability of simple tests in district hospitals, such as full blood count and C-reactive protein (CRP). However, these tests have become more widely available and POC rapid “bedside” laboratory tests are becoming much more common (10, 75)."
WHO_pg24_background-and-definitio_chunk2,WHO,23,Background and definitions,,,paragraph,522,"Source: WHO
Section: Background and definitions

However, these tests have become more widely available and POC rapid “bedside” laboratory tests are becoming much more common (10, 75). There has also been much interest in how to integrate laboratory tests with IMCI and other clinical algorithms, and ongoing work to develop more sophisticated predictive algorithms and machine-learning tools to improve sepsis diagnosis, assist clinicians in determining when to stop antibiotics and rationalizing antibiotic therapy (75)."
WHO_pg25_overview_chunk1,WHO,24,Overview,,,paragraph,362,"Source: WHO
Section: Overview

Question: Among young infants aged 0–59 days, in hospital settings, what is the diagnostic accuracy (sensitivity and specificity) of clinical sign-based algorithms of suspected sepsisᵃ compared with a reference standard (physician judgement of sepsis or mortality) in identifying infants who require treatment for suspected sepsis?"
WHO_pg25_population-index-test-re_chunk1,WHO,24,"Population, index test, reference standard and diagnosis of interest (PIRD) details",,,paragraph,336,"Source: WHO
Section: Population, index test, reference standard and diagnosis of interest (PIRD) details

Population: Young infants aged 0–59 days with suspected sepsis Index test: Clinical sign-based algorithms of suspected sepsis ascertained by any cadre of health worker Reference standard: Physician judgement of sepsis or mortality"
WHO_pg25_sources-and-characterist_chunk1,WHO,24,Sources and characteristics of studies,,,paragraph,861,"Source: WHO
Section: Sources and characteristics of studies

The diagnostic accuracy evidence was derived from two systematic reviews (59, 76). In one systematic review, 11 studies met the inclusion criteria (76), and included 115 040 infants from 17 countries:
Bangladesh, Brazil, Canada, China, Ethiopia, Gambia, Greece, India, Italy, Kenya, Papua New Guinea, the Philippines, South Africa, Thailand, Uganda, Viet Nam and Zimbabwe. The 11 studies reported on 26 different algorithms: 13 were IMCI-based checklists (60, 77, 78) and the other 13 were regression-based prediction models (15, 78-85). In the other systematic review, 19 studies met the inclusion criteria (59), and included 24 046 infants from 13 countries:
Bangladesh, Bolivia, Brazil, Ethiopia, Gambia, Ghana, India, Kenya, Pakistan, Papua New Guinea, the Philippines, South Africa and Zimbabwe."
WHO_pg25_sources-and-characterist_chunk2,WHO,24,Sources and characteristics of studies,,,paragraph,522,"Source: WHO
Section: Sources and characteristics of studies

In the other systematic review, 19 studies met the inclusion criteria (59), and included 24 046 infants from 13 countries:
Bangladesh, Bolivia, Brazil, Ethiopia, Gambia, Ghana, India, Kenya, Pakistan, Papua New Guinea, the Philippines, South Africa and Zimbabwe. The 19 studies reported on 20 different algorithms:
12 were IMCI-based checklists and the remainder were non-IMCI checklists (4), weighted scores (2) and regression-based prediction models (2) (59)."
WHO_pg25_critical-outcomes_chunk1,WHO,24,Critical outcomes,,,paragraph,378,"Source: WHO
Section: Critical outcomes

Twenty-five studies reported sensitivity and specificity, and 11 reported the area under the curve (AUC). However, all studies used different algorithms with different combinations of clinical signs and laboratory tests, thus evidence could not be pooled.
The evidence from the studies was also judged by the GDG to be very low certainty."
WHO_pg26_other-studies_chunk1,WHO,25,Other studies,,,paragraph,915,"Source: WHO
Section: Other studies

Two systematic reviews have examined the diagnostic accuracy of algorithms that include clinical signs, laboratory tests, decision support tools and predictive modelling for diagnosis of neonatal sepsis (86, 87). These reviews identified seven different algorithms used for this purpose. However, the algorithms all included different clinical signs and laboratory tests and thus their results could not be pooled. Two additional systematic reviews examined the diagnostic accuracy of laboratory biomarkers to diagnose culture-confirmed sepsis (88) or clinical or culture-confirmed sepsis (89) in infants aged 0–59 days at the time of presentation to health facilities. Brown et al. (2019) identified 20 studies of 1615 infants reporting upon diagnostic accuracy of CRP in neonates and reported that at median specificity (0.74), sensitivity was 0.62 (95% CI: 0.50 to 0.73) (88)."
WHO_pg26_other-studies_chunk2,WHO,25,Other studies,,,paragraph,896,"Source: WHO
Section: Other studies

Brown et al. (2019) identified 20 studies of 1615 infants reporting upon diagnostic accuracy of CRP in neonates and reported that at median specificity (0.74), sensitivity was 0.62 (95% CI: 0.50 to 0.73) (88). Rees et al. (2023) examined CRP, procalcitonin (PCT), erythrocyte sedimentation rate (ESR) and white cell count (WCC) in 134 studies, and concluded that CRP and PCT demonstrated good discriminatory ability to diagnose sepsis with blood culture as the reference (CRP of ≥ 60 mg/L, AUC: 0.87, 95% CI: 0.76 to 0.91, n=1339 neonates; and PCT of ≥ 0.5 ng/ml, AUC: 0.87, 95% CI: 0.70 to 0.92, n=617 neonates), while ESR and WCC had poor discriminatory ability (89). One further systematic review of seven studies and a total of 505 infants examined the use of CRP in decision-making for stopping antibiotic treatment in newborns diagnosed with sepsis (90)."
WHO_pg26_other-studies_chunk3,WHO,25,Other studies,,,paragraph,509,"Source: WHO
Section: Other studies

One further systematic review of seven studies and a total of 505 infants examined the use of CRP in decision-making for stopping antibiotic treatment in newborns diagnosed with sepsis (90). Petel et al.
(2018) reported that CRP-based algorithms shortened antibiotic treatment duration by 1.45 days (95% CI: −2.61 to –0.28) in two RCTs, and by 1.15 days (95% CI: −2.06 to –0.24) in two cohort studies, with no differences in mortality or infection relapse in neonates (90)."
WHO_pg27_remarks_chunk1,WHO,26,Remarks,,,paragraph,902,"Source: WHO
Section: Remarks

■The recommendation was based on six trials of 1083 infants aged 0–59 days from Europe, Malawi, Pakistan and Türkiye, which compared third-generation cephalosporins (ceftriaxone or cefotaxime) IM/IV versus ampicillin IM/IV or penicillin IM/IV plus gentamicin IM/IV. ■The GDG considered that third-generation cephalosporins had no clear benefits over the WHO-recommended hospital regimen of ampicillin IM/IV plus gentamicin IM/IV, that they may increase antimicrobial resistance and also had significant costs. ■The GDG noted the increase in neurologic sequelae in the intervention (cephalosporin) group but considered the evidence to be of very low certainty. ■The evidence was judged as low in the previous guideline and moderate in this guideline, as additional evidence was located from a large trial from Pakistan (68) which increased the precision of point estimates."
WHO_pg27_remarks_chunk2,WHO,26,Remarks,,,paragraph,903,"Source: WHO
Section: Remarks

■The evidence was judged as low in the previous guideline and moderate in this guideline, as additional evidence was located from a large trial from Pakistan (68) which increased the precision of point estimates. ■The GDG made this recommendation recognizing that all trials were based in tertiary hospitals except for the Pakistan trial, which was based at PHC facilities. ■The GDG also recognized that there were limited data on antibiotic dosing. Based on the trials included in the evidence review, the GDG considered that the following antibiotic doses should be used: ampicillin IM/IV 50 mg/kg every 12 hours in the first week of life and every 8 hours after the first week of life for a total of at least 10 days plus gentamicin IM/IV 5 mg/kg once a day in the first week of life and 7.5 mg/kg once a day after the first week of life for a total of at least 10 days."
WHO_pg27_remarks_chunk3,WHO,26,Remarks,,,paragraph,817,"Source: WHO
Section: Remarks

Based on the trials included in the evidence review, the GDG considered that the following antibiotic doses should be used: ampicillin IM/IV 50 mg/kg every 12 hours in the first week of life and every 8 hours after the first week of life for a total of at least 10 days plus gentamicin IM/IV 5 mg/kg once a day in the first week of life and 7.5 mg/kg once a day after the first week of life for a total of at least 10 days. ■The GDG emphasized the importance of adjusting empiric antibiotic therapy doses during the course of the illness, as is routinely done in many hospitals. This includes targeting individual antibiotic therapy regimens based on microbiological test results, and stopping antibiotic therapy based on validated clinical and laboratory risk stratification algorithms."
WHO_pg27_background-and-definitio_chunk1,WHO,26,Background and definitions,,,paragraph,908,"Source: WHO
Section: Background and definitions

For hospitalized infants, the 2013 WHO Pocket book of hospital care for children defined suspected sepsis as one or more of the following clinical signs: not feeding well, movement only when stimulated, high body temperature (≥ 38 °C), low body temperature (< 35.5 °C), severe chest indrawing, not able to feed at all, no movement on stimulation, convulsions, drowsiness or unconsciousness, grunting, central cyanosis, severe jaundice and severe abdominal distention in infants aged 0–59 days, or fast breathing (≥ 60 breaths per minute) in infants aged 0–6 days (13).
The WHO Pocket book of hospital care for children also recommended providing ampicillin or penicillin plus gentamicin IM/IV for at least 10 days to infants aged 0–59 days with suspected sepsis (13). However, there have been changes to AMR in hospital and community settings since that time."
WHO_pg28_overview_chunk1,WHO,27,Overview,,,paragraph,293,"Source: WHO
Section: Overview

Question: Among young infants aged 0–59 days with suspected sepsis,ᵃ in hospital settings, what is the effect of alternative antibiotic regimens compared with WHO-recommended antibiotic regimens on critical outcomes? What is the effectiveness in specific strata?"
WHO_pg28_population-intervention-_chunk1,WHO,27,"Population, intervention, comparator and outcomes (PICO) details",,,paragraph,505,"Source: WHO
Section: Population, intervention, comparator and outcomes (PICO) details

Population: Young infants aged 0–59 days with suspected sepsis Intervention: Alternative antibiotic regimens Comparator: WHO-recommended antibiotic regimens containing penicillin or ampicillin IM/IV plus gentamicin IM/IV Outcomes (critical outcomes): All-cause or cause-specific mortality, morbidity (treatment failure,ᵇ treatment success,ᵇ hospitalizations, adverse events) or neurodevelopmental impairment/disability"
WHO_pg28_sources-and-characterist_chunk1,WHO,27,Sources and characteristics of studies,,,paragraph,959,"Source: WHO
Section: Sources and characteristics of studies

The effectiveness evidence was derived from a systematic review that identified 2390 studies in infants aged 0–59 days, of which 41 RCTs met the inclusion criteria (64). Among these, 35 trials examined hospital-based regimens for when hospital referral was possible and six trials examined WHO non-hospital-based regimens. One hospital-based trial examined cephalothin combined with tobramycin (91). The five remaining hospital-based trials compared alternative antibiotic regimens with WHO-recommended antibiotic regimens among a total of 2248 infants (68, 92-95). All five of these trials compared third-generation cephalosporins with ampicillin or penicillin IM/IV plus gentamicin IM/IV. The five trials were based in 13 countries: Belgium, Denmark, France, Germany, Greece, Israel, Italy, Malawi, Pakistan, Portugal, Sweden, Türkiye and the United Kingdom of Great Britain and Northern Ireland."
WHO_pg28_sources-and-characterist_chunk2,WHO,27,Sources and characteristics of studies,,,paragraph,522,"Source: WHO
Section: Sources and characteristics of studies

The five trials were based in 13 countries: Belgium, Denmark, France, Germany, Greece, Israel, Italy, Malawi, Pakistan, Portugal, Sweden, Türkiye and the United Kingdom of Great Britain and Northern Ireland. All five trials were based in tertiary hospitals except the Pakistan trial, which was based at PHC facilities (68). The duration of antibiotic therapy in the trials varied as follows:
7 days (68), 2–10 days (92, 95), 5–15 days (94), and 10–17 days (93)."
WHO_pg29_critical-outcomes_chunk1,WHO,28,Critical outcomes,,,paragraph,931,"Source: WHO
Section: Critical outcomes

For this comparison, one, two, three and four studies assessed the following outcomes with the following findings. ■Mortality: Very low-certainty evidence suggests a decrease in all-cause mortality from birth to hospital discharge (3 RCTs, 711 participants, RR 0.64, 95% CI: 0.25 to 1.65) (68, 93, 94). ■Treatment failure: Very low-certainty evidence suggests little or no difference in treatment failure after seven days of enrolment (2 RCTs, 955 participants, RR 1.02, 95% CI: 0.38 to 2.71) (68, 92). ■Treatment success: Moderate-certainty evidence suggests little or no difference in treatment success after 48 hours to treatment completion (4 RCTs, 1983 participants, RR 1.03, 95% CI: 0.93 to 1.13) (68, 92, 93, 95). ■Neurodevelopment: Very low-certainty evidence suggests an increase in neurologic sequelae after six months (1 RCT, 140 participants, RR 1.39, 95% CI: 0.69 to 2.78) (94)."
WHO_pg29_critical-outcomes_chunk2,WHO,28,Critical outcomes,,,paragraph,459,"Source: WHO
Section: Critical outcomes

■Neurodevelopment: Very low-certainty evidence suggests an increase in neurologic sequelae after six months (1 RCT, 140 participants, RR 1.39, 95% CI: 0.69 to 2.78) (94). ■Adverse events: Moderate-certainty evidence suggests a decrease in adverse events after 5–14 days (3 RCTs, 628 participants, RR 0.35, 95% CI:

No studies assessed hospitalizations. (Full details are provided in GRADE Table B.2.1 in the Web Annex)."
WHO_pg29_other-studies_chunk1,WHO,28,Other studies,,,paragraph,485,"Source: WHO
Section: Other studies

Two systematic reviews both by Korang et al. and both published in 2021 examined (i) antibiotic management for early-onset sepsis, in infants aged 0 to < 3 days (5 RCTs, 865 participants) (96) and (ii) late- onset sepsis, in infants aged 3–28 days (5 RCTs, 580 participants) (97). These reviews excluded all trials that recruited infants outside these specific age ranges and the evidence was considered to be inconclusive and of very low certainty."
WHO_pg30_see-table-2-1_chunk1,WHO,29,ᵃ See Table 2.1.,,,table,283,"Source: WHO
Section: ᵃ See Table 2.1.

Evidence Profile
• Summary of effectiveness evidence: ■ Decrease in all-cause mortality and adverse events ■ Increase in neurologic sequelae ■ Little or no difference in treatment failure and treatment success ■ No evidence for hospitalizations"
WHO_pg31_in-young-infants-aged-0-_rec1_chunk1,WHO,30,"In young infants aged 0–59 days who are hospitalized with suspected staphylococcal sepsis, cloxacillin",,rec1,recommendation,317,"Source: WHO
Section: In young infants aged 0–59 days who are hospitalized with suspected staphylococcal sepsis, cloxacillin
Recommendation: rec1

Recommendation: IM/IV plus gentamicin IM/IV for at least 10 days is recommended as first-choice antibiotic management.
(Strong recommendation, very low-certainty evidence)"
WHO_pg31_remarks_chunk1,WHO,30,Remarks,,,paragraph,863,"Source: WHO
Section: Remarks

■There were no included trials.
■The GDG recognized that there were limited data on antibiotic dosing. Based on clinical practice, the GDG considered that the following antibiotic doses should be used: cloxacillin IM/IV 50 mg/kg every 12 hours in the first week of life and every 8 hours after the first week of life for a total of at least 10 days plus gentamicin IM/IV 5 mg/kg once a day in the first week of life and 7.5 mg/kg once a day after the first week of life for a total of at least 10 days.
■The GDG made a strong recommendation despite the lack of trials as they felt strongly about the importance of providing clear guidance for the management of infants with sepsis. The GDG were able to use their knowledge and experience in best practice clinical management in young infants to make this recommendation by consensus."
WHO_pg31_background-and-definitio_chunk1,WHO,30,Background and definitions,,,paragraph,944,"Source: WHO
Section: Background and definitions

For hospitalized infants, the 2013 WHO Pocket book of hospital care for children defines suspected staphylococcal sepsis as one or more of the following clinical signs: not feeding well, movement only when stimulated, high body temperature (≥ 38 °C), low body temperature (< 35.5 °C), severe chest indrawing, not able to feed at all, no movement on stimulation, convulsions, drowsiness or unconsciousness, grunting, central cyanosis, severe jaundice and severe abdominal distention in infants aged 0–59 days, or fast breathing (≥ 60 breaths per minute) in infants aged 0–6 days; plus one or more of the clinical signs of staphylococcal infection: skin infection, pustules, omphalitis or abscesses (13). The WHO Pocket book of hospital care for children recommended providing cloxacillin plus gentamicin IV for at least 10 days to infants aged 0–59 days with suspected staphylococcal sepsis (13)."
WHO_pg31_background-and-definitio_chunk2,WHO,30,Background and definitions,,,paragraph,333,"Source: WHO
Section: Background and definitions

The WHO Pocket book of hospital care for children recommended providing cloxacillin plus gentamicin IV for at least 10 days to infants aged 0–59 days with suspected staphylococcal sepsis (13). However, there have been changes to AMR in hospital and community settings since that time."
WHO_pg32_overview_chunk1,WHO,31,Overview,,,paragraph,308,"Source: WHO
Section: Overview

Question: Among young infants aged 0–59 days with suspected staphylococcal sepsis,ᵃ in hospital settings, what is the effect of alternative antibiotic regimens compared with WHO-recommended antibiotic regimens on critical outcomes? What is the effectiveness in specific strata?"
WHO_pg32_population-intervention-_chunk1,WHO,31,"Population, intervention, comparator and outcomes (PICO) details",,,paragraph,501,"Source: WHO
Section: Population, intervention, comparator and outcomes (PICO) details

Population: Young infants aged 0–59 days with suspected staphylococcal sepsis Intervention: Alternative antibiotic regimens Comparator: WHO-recommended antibiotic regimens containing cloxacillin plus gentamicin IM/IV Outcomes (critical outcomes): All-cause or cause-specific mortality, morbidity (treatment failure,ᵇ treatment success,ᵇ hospitalizations, adverse events) or neurodevelopmental impairment/disability"
WHO_pg32_sources-and-characterist_chunk1,WHO,31,Sources and characteristics of studies,,,paragraph,421,"Source: WHO
Section: Sources and characteristics of studies

The effectiveness evidence was derived from a systematic review that identified 2390 studies in infants aged 0–59 days, of which 41 RCTs met the inclusion criteria (64). Among these, 35 trials examined hospital-based regimens but none of them compared alternative antibiotic regimens to WHO- recommended antibiotic regimens for suspected staphylococcal sepsis."
WHO_pg34_recommendation-b-4-new_rec1_chunk1,WHO,33,Recommendation B.4 (NEW),,rec1,recommendation,296,"Source: WHO
Section: Recommendation B.4 (NEW)
Recommendation: rec1

Recommendation: In young infants aged 0–59 days who are hospitalized with suspected meningitis, ampicillin, cefotaxime or ceftriaxone IM/IV plus gentamicin IM/IV for at least three weeks is recommended as first-choice antibiotic"
WHO_pg34_remarks_chunk1,WHO,33,Remarks,,,paragraph,855,"Source: WHO
Section: Remarks

■There were no included trials. ■The GDG emphasized that this recommendation is for therapy with ampicillin, cefotaxime or ceftriaxone combined with gentamicin. However, the GDG emphasized that ampicillin should be given in addition to third- generation cephalosporins and gentamicin (i.e. triple therapy) if Listeria monocytogenes is suspected. ■The GDG made these recommendations for empiric first-choice treatment of suspected meningitis in infants where the causative organism is unknown. ■The GDG recommended that cerebrospinal fluid (CSF) cultures and antimicrobial sensitivity testing should be used to inform therapy for infants with suspected meningitis wherever possible. However, the GDG recognized that CSF specimens may not be available and that microscopy and culture-testing facilities may be limited in LMICs."
WHO_pg34_remarks_chunk2,WHO,33,Remarks,,,paragraph,952,"Source: WHO
Section: Remarks

However, the GDG recognized that CSF specimens may not be available and that microscopy and culture-testing facilities may be limited in LMICs. ■The GDG recognized that ceftriaxone has been associated with bilirubin binding and jaundice in young infants but considered that data were limited. ■The GDG recognized that regimens without gentamicin are used in some settings, such as third-generation cephalosporin monotherapy or third-generation cephalosporins plus ampicillin. They also recognized that there are toxicities associated with short- and long-term gentamicin use, there are difficulties in measuring gentamicin levels, and that observational studies report that gentamicin may have poor penetration into CSF. However, the GDG also considered that gentamicin penetration may be enhanced by inflamed meninges and that gentamicin is widely used for treatment of suspected meningitis in both HIC and LMIC settings."
WHO_pg34_remarks_chunk3,WHO,33,Remarks,,,paragraph,566,"Source: WHO
Section: Remarks

However, the GDG also considered that gentamicin penetration may be enhanced by inflamed meninges and that gentamicin is widely used for treatment of suspected meningitis in both HIC and LMIC settings. The GDG also emphasized that gentamicin levels should be measured wherever possible. ■The GDG emphasized that the antibiotics must be given by the parenteral (IM or IV) route for suspected meningitis. ■The GDG emphasized that care with antibiotic dosing is needed. The GDG recognized that there were limited data on antibiotic dosing."
WHO_pg34_remarks_chunk4,WHO,33,Remarks,,,paragraph,877,"Source: WHO
Section: Remarks

■The GDG emphasized that care with antibiotic dosing is needed. The GDG recognized that there were limited data on antibiotic dosing. The GDG suggested that the following doses of antibiotics should be used: ampicillin IM/IV 50 mg/kg every 12 hours in the first week of life and every 8 hours after the first week of life for at total of at least three weeks, or cefotaxime IM/IV 50 mg/kg every 12 hours in the first week of life and every 6 hours after the first week of life for a total of at least three weeks, or ceftriaxone IM/IV 100 mg/kg once a day (whether starting in the first week of life or later) for a total of at least three weeks, plus gentamicin IM/IV 5 mg/kg once a day in the first week of life and 7.5 mg/kg once a day after the first week of life for a total of at least three weeks (see also Table 3.1 later in this chapter)."
WHO_pg34_remarks_chunk5,WHO,33,Remarks,,,paragraph,881,"Source: WHO
Section: Remarks

The GDG suggested that the following doses of antibiotics should be used: ampicillin IM/IV 50 mg/kg every 12 hours in the first week of life and every 8 hours after the first week of life for at total of at least three weeks, or cefotaxime IM/IV 50 mg/kg every 12 hours in the first week of life and every 6 hours after the first week of life for a total of at least three weeks, or ceftriaxone IM/IV 100 mg/kg once a day (whether starting in the first week of life or later) for a total of at least three weeks, plus gentamicin IM/IV 5 mg/kg once a day in the first week of life and 7.5 mg/kg once a day after the first week of life for a total of at least three weeks (see also Table 3.1 later in this chapter). ■The GDG considered that antibiotic duration should be for at least three weeks, and continued for longer if the infant is not improving."
WHO_pg34_remarks_chunk6,WHO,33,Remarks,,,paragraph,882,"Source: WHO
Section: Remarks

■The GDG considered that antibiotic duration should be for at least three weeks, and continued for longer if the infant is not improving. The GDG emphasized the importance of adjusting empiric antibiotic therapy during the course of the illness, as is routinely done in many hospitals. This includes targeting individual antibiotic therapy regimens based on microbiological test results and stopping antibiotic therapy based on validated, clinical and laboratory risk stratification algorithms. ■The GDG made a strong recommendation despite the lack of trials as they felt strongly about the importance of providing clear guidance for the management of infants with meningitis. The GDG were able to use their knowledge and experience in best practice clinical management in managing meningitis in young infants to make this recommendation by consensus."
WHO_pg35_background-and-definitio_chunk1,WHO,34,Background and definitions,,,paragraph,749,"Source: WHO
Section: Background and definitions

For hospitalized infants, the 2013 WHO Pocket book of hospital care for children defines suspected meningitis as one or more of the following clinical signs: drowsiness, lethargy, unconsciousness, convulsions, bulging fontanelle, irritability and high- pitched cry in an infant aged 0–59 days (13). Infants commonly have signs of both meningitis and sepsis, meaning that an infant with suspected sepsis may also have meningitis. It is also well known that these clinical signs are often absent or difficult to determine in a young infant, e.g. a stiff neck is rare in a young infant and can be difficult to elicit. Bulging fontanelle can also be difficult to determine in an unwell young infant (13)."
WHO_pg35_background-and-definitio_chunk2,WHO,34,Background and definitions,,,paragraph,767,"Source: WHO
Section: Background and definitions

It is also well known that these clinical signs are often absent or difficult to determine in a young infant, e.g. a stiff neck is rare in a young infant and can be difficult to elicit. Bulging fontanelle can also be difficult to determine in an unwell young infant (13). The WHO AWaRe antibiotic book and the WHO Pocket book of hospital care for children recommended providing ampicillin, penicillin, ceftriaxone or cefotaxime plus gentamicin IM/IV for at least three weeks to infants aged 0–59 days with suspected meningitis (13, 16). These recommendations were made in 2013 and 2015 on the basis of expert opinion (13, 16). However, there have been changes to AMR in hospital and community settings since that time."
WHO_pg35_overview_chunk1,WHO,34,Overview,,,paragraph,297,"Source: WHO
Section: Overview

Question: Among young infants aged 0–59 days with suspected meningitis,ᵃ in hospital settings, what is the effect of alternative antibiotic regimens compared with WHO-recommended antibiotic regimens on critical outcomes? What is the effectiveness in specific strata?"
WHO_pg35_population-intervention-_chunk1,WHO,34,"Population, intervention, comparator and outcomes (PICO) details",,,paragraph,534,"Source: WHO
Section: Population, intervention, comparator and outcomes (PICO) details

Population: Young infants aged 0–59 days with suspected meningitis Intervention: Alternative antibiotic regimens Comparator: WHO-recommended antibiotic regimens containing penicillin, ampicillin, cefotaxime or ceftriaxone IM/IV plus gentamicin IM/IV Outcomes (critical outcomes): All-cause or cause-specific mortality, morbidity (treatment failure,ᵇ treatment success,ᵇ hospitalizations, adverse events) or neurodevelopmental impairment/disability"
WHO_pg35_sources-and-characterist_chunk1,WHO,34,Sources and characteristics of studies,,,paragraph,657,"Source: WHO
Section: Sources and characteristics of studies

The effectiveness evidence was derived from a systematic review that identified 1088 studies in infants aged 0–59 days, of which two RCTs met the inclusion criteria (64). Both trials were hospital-based, but one trial compared different antibiotic durations (98) and the other trial compared intrathecal gentamicin for three days plus ampicillin IV plus gentamicin IM for three weeks with ampicillin IV plus gentamicin IM for three weeks (99). No trials compared alternative antibiotic regimens to the WHO regimens of ampicillin, penicillin, cefotaxime or ceftriaxone IM/IV plus gentamicin IM/IV."
WHO_pg36_other-studies_chunk1,WHO,35,Other studies,,,paragraph,660,"Source: WHO
Section: Other studies

A systematic review of RCTs and observational studies of the effect of the duration of antibiotic therapy by Van Hentenryck et al. (2022) (100) included one RCT (98) and one cohort study (101) that examined the relationship between duration of parenteral therapy and clinical outcomes. However, none of the patients in the included studies who received antibiotic courses shorter than the recommended duration had CSF culture-positive meningitis. The review concluded that rigorous, prospective clinical trial data are lacking to determine the optimal parenteral antibiotic duration in bacterial meningitis in young infants."
WHO_pg37_remarks_chunk1,WHO,36,Remarks,,,paragraph,893,"Source: WHO
Section: Remarks

■There were no included trials. ■The GDG recognized that there were also limited data on antibiotic dosing. Based on clinical practice, the GDG considered that the following antibiotic doses should be used: ampicillin IM/IV 50 mg/kg every 12 hours in the first week of life and every 8 hours after the first week of life for a total of at least 7 days plus gentamicin IM/IV 5 mg/kg once a day in the first week of life and 7.5 mg/kg once a day after the first week of life for a total of at least 7 days. ■The GDG emphasized the importance of adjusting empiric antibiotic therapy during the course of the illness, as is routinely done in many hospitals. This includes targeting individual antibiotic therapy regimens based on microbiological test results, and stopping antibiotic therapy based on validated, clinical and laboratory risk stratification algorithms."
WHO_pg37_remarks_chunk2,WHO,36,Remarks,,,paragraph,586,"Source: WHO
Section: Remarks

This includes targeting individual antibiotic therapy regimens based on microbiological test results, and stopping antibiotic therapy based on validated, clinical and laboratory risk stratification algorithms. ■The GDG made a strong recommendation despite the lack of trials as they felt strongly about the importance of providing clear guidance for the management of infants with pneumonia. The GDG were able to use their knowledge and experience in best practice clinical management of pneumonia in young infants to make this recommendation by consensus."
WHO_pg37_background-and-definitio_chunk1,WHO,36,Background and definitions,,,paragraph,947,"Source: WHO
Section: Background and definitions

For hospitalized infants, the 2013 WHO Pocket book of hospital care for children defines suspected pneumonia as one or more of the following: fast breathing of 60 breaths per minute or more in infants aged 0–6 days or fast breathing of 60 breaths per minute or more in infants aged 7–59 days, chest indrawing, grunting, cyanosis and hypoxaemia (13).
Radiological signs are not often used in the diagnosis of pneumonia as they can lag behind the clinical presentation, and lack both sensitivity and specificity in young infants (13).
The WHO Pocket book of hospital care for children also recommended providing ampicillin or penicillin plus gentamicin IM/IV for at least 7 days to infants aged 0–59 days with suspected pneumonia (13).
This guidance was developed in 2013 on the basis of expert opinion (13). However, there have been changes to AMR in hospital and community settings since that time."
WHO_pg38_overview_chunk1,WHO,37,Overview,,,paragraph,296,"Source: WHO
Section: Overview

Question: Among young infants aged 0–59 days with suspected pneumonia,ᵃ in hospital settings, what is the effect of alternative antibiotic regimens compared with WHO-recommended antibiotic regimens on critical outcomes? What is the effectiveness in specific strata?"
WHO_pg38_population-intervention-_chunk1,WHO,37,"Population, intervention, comparator and outcomes (PICO) details",,,paragraph,508,"Source: WHO
Section: Population, intervention, comparator and outcomes (PICO) details

Population: Young infants aged 0–59 days with suspected pneumonia Intervention: Alternative antibiotic regimens Comparator: WHO-recommended antibiotic regimens containing penicillin or ampicillin IM/IV plus gentamicin IM/IV Outcomes (critical outcomes): All-cause or cause-specific mortality, morbidity (treatment failure,ᵇ treatment success,ᵇ hospitalizations, adverse events) or neurodevelopmental impairment/disability"
WHO_pg38_sources-and-characterist_chunk1,WHO,37,Sources and characteristics of studies,,,paragraph,649,"Source: WHO
Section: Sources and characteristics of studies

The effectiveness evidence was derived from a systematic review that identified 2601 studies in infants aged 0–59 days, of which 10 RCTs met the inclusion criteria (73). Seven of the 10 trials examined hospital regimens (102-108). Of these seven trials, one compared penicillin with cephalosporin but did not specify if the cephalosporin was first, second or third generation (105), three examined antibiotic duration (102, 103, 106) and three examined non-WHO antibiotic regimens: meropenem and imipenem (107), cefoperazone and meropenem (104) and amoxicillin plus clavulanic acid (108)."
WHO_pg39_other-studies_chunk1,WHO,38,Other studies,,,paragraph,753,"Source: WHO
Section: Other studies

A systematic review by Korang et al. (2018) assessed the effectiveness of antibiotics in treating hospital- acquired pneumonia in neonates and children under the age of 5 years (a total of 84 participants) (109). All four of the reviewed trials were assessed as having high risk of bias and the authors did not conduct any meta-analyses.
Another systematic review by Lassi et al. (2021)
assessed the effectiveness of antibiotics for the treatment of non-severe pneumonia in young infants and children aged 2–59 months (three trials, 3256 participants) (110). The authors concluded that there was insufficient evidence to support or challenge the continued use of antibiotics for the treatment of non-severe pneumonia."
WHO_pg40_in-young-infants-aged-0-_rec1_chunk1,WHO,39,"In young infants aged 0–59 days who are hospitalized with suspected staphylococcal pneumonia,",,rec1,recommendation,254,"Source: WHO
Section: In young infants aged 0–59 days who are hospitalized with suspected staphylococcal pneumonia,
Recommendation: rec1

Recommendation: cloxacillin IM/IV plus gentamicin IM/IV for at least 7 days is recommended as first choice antibiotic"
WHO_pg40_remarks_chunk1,WHO,39,Remarks,,,paragraph,894,"Source: WHO
Section: Remarks

■There were no included trials. ■The GDG recognized that there were also limited data on antibiotic dosing. Based on clinical practice, the GDG considered that the following antibiotic doses should be used: cloxacillin IM/IV 50 mg/kg every 12 hours in the first week of life and every 8 hours after the first week of life for a total of at least 7 days plus gentamicin IM/IV 5 mg/kg once a day in the first week of life and 7.5 mg/kg once a day after the first week of life for a total of at least 7 days. ■The GDG emphasized the importance of adjusting empiric antibiotic therapy during the course of the illness, as is routinely done in many hospitals. This includes targeting individual antibiotic therapy regimens based on microbiological test results, and stopping antibiotic therapy based on validated, clinical and laboratory risk stratification algorithms."
WHO_pg40_remarks_chunk2,WHO,39,Remarks,,,paragraph,586,"Source: WHO
Section: Remarks

This includes targeting individual antibiotic therapy regimens based on microbiological test results, and stopping antibiotic therapy based on validated, clinical and laboratory risk stratification algorithms. ■The GDG made a strong recommendation despite the lack of trials as they felt strongly about the importance of providing clear guidance for the management of infants with pneumonia. The GDG were able to use their knowledge and experience in best practice clinical management of pneumonia in young infants to make this recommendation by consensus."
WHO_pg40_background-and-definitio_chunk1,WHO,39,Background and definitions,,,paragraph,895,"Source: WHO
Section: Background and definitions

For hospitalized infants, the 2013 WHO Pocket book of hospital care for children defined suspected staphylococcal pneumonia as one or more of the following: fast breathing of 60 breaths per minute or more in infants aged 0–6 days, fast breathing of 60 breaths per minute or more in infants aged 7–59 days, chest indrawing, grunting, cyanosis and hypoxaemia, plus one or more of the clinical signs of staphylococcal infection: skin infection, pustules, omphalitis or abscesses (13).
The WHO Pocket book of hospital care for children also recommended providing cloxacillin plus gentamicin IV for at least 7 days to infants aged 0–59 days with suspected staphylococcal pneumonia (13).
This guidance was developed in 2013 on the basis of expert opinion (13). However, there have been changes to AMR in hospital and community settings since that time."
WHO_pg41_overview_chunk1,WHO,40,Overview,,,paragraph,311,"Source: WHO
Section: Overview

Question: Among young infants aged 0–59 days with suspected staphylococcal pneumonia,ᵃ in hospital settings, what is the effect of alternative antibiotic regimens compared with WHO-recommended antibiotic regimens on critical outcomes? What is the effectiveness in specific strata?"
WHO_pg41_population-intervention-_chunk1,WHO,40,"Population, intervention, comparator and outcomes (PICO) details",,,paragraph,510,"Source: WHO
Section: Population, intervention, comparator and outcomes (PICO) details

Population: Young infants aged 0–59 days with suspected staphylococcal pneumonia Intervention: Alternative antibiotic regimens Comparator: WHO-recommended antibiotic regimens containing cloxacillin IM/IV plus gentamicin IM/IV Outcomes (critical outcomes): All-cause or cause-specific mortality, morbidity (treatment failure,ᵇ treatment success,ᵇ hospitalizations, adverse events) or neurodevelopmental impairment/disability"
WHO_pg41_sources-and-characterist_chunk1,WHO,40,Sources and characteristics of studies,,,paragraph,647,"Source: WHO
Section: Sources and characteristics of studies

The effectiveness evidence was derived from a systematic review that identified 2601 studies in infants aged 0–59 days, of which 10 RCTs met the inclusion criteria (73). Seven of the 10 trials examined hospital regimens (102-108). Of the seven trials, one compared penicillin with cephalosporin but did not specify if the cephalosporin was first, second or third generation (105), three examined antibiotic duration (102, 103, 106) and three examined non-WHO antibiotic regimens: meropenem and imipenem (107), cefoperazone and meropenem (104) and amoxicillin plus clavulanic acid (108)."
WHO_pg43_clinical-management_chunk1,WHO,42,Clinical management,,,paragraph,893,"Source: WHO
Section: Clinical management

■The GDG emphasized that clinical signs can be difficult to ascertain in young infants and that clinical management of unwell infants aged 0–59 days requires careful clinical judgement. ■The GDG emphasized the importance of carefully managing coinfections and comorbidities in the young infant, including malnutrition, according to WHO guidelines and guidance (12, 13, 27, 28). ■The GDG emphasized the importance of counselling families about the standard WHO newborn care practices for small and sick newborns (111), including keeping the infant warm and supporting the mother to provide exclusive breastfeeding. ■The GDG emphasized that health workers who care for unwell young infants must receive ongoing in-service training and supportive supervision specific to the care of infants aged 0–59 days. ■Links to key WHO resources are provided below."
WHO_pg43_clinical-management_chunk2,WHO,42,Clinical management,,,paragraph,851,"Source: WHO
Section: Clinical management

■The GDG emphasized that health workers who care for unwell young infants must receive ongoing in-service training and supportive supervision specific to the care of infants aged 0–59 days. ■Links to key WHO resources are provided below. ― Recommendations for management of common childhood conditions: evidence for technical update of pocket book recommendations ― Pocket book of hospital care for children:
guidelines for the management of common childhood illnesses, second edition (WHO, 2013) ― Integrated management of childhood illness:
chart booklet (WHO, 2014)
― Integrated management of childhood illness:
management of the sick young infant aged up to 2 months: IMCI chart booklet (WHO and UNICEF, 2019)
― Standards for improving quality of maternal and newborn care in health facilities (WHO, 2016)"
WHO_pg43_clinical-management_chunk3,WHO,42,Clinical management,,,paragraph,553,"Source: WHO
Section: Clinical management

― Integrated management of childhood illness:
chart booklet (WHO, 2014)
― Integrated management of childhood illness:
management of the sick young infant aged up to 2 months: IMCI chart booklet (WHO and UNICEF, 2019)
― Standards for improving quality of maternal and newborn care in health facilities (WHO, 2016) Recommendations for management of common childhood conditions Newborn conditions, dysentery, pneumonia, oxygen use and delivery, common causes of fever, severe acute malnutrition and supportive care"
WHO_pg43_health-facilities_chunk1,WHO,42,HEALTH FACILITIES,,,table,698,"Source: WHO
Section: HEALTH FACILITIES

Evidence Profile
• EVIDENCE FOR TECHNICAL UPDATE OF POCKET BOOK RECOMMENDATIONS: Recommendations for management of common childhood conditions Newborn conditions, dysenter pneumonia, oxygen use and delivery, common causes of fever, severe acute malnutriti and supportive care Pocket Book is for use by doctors, nurses and are responsible for the care of young children at | Col2: y, on other health workers the fi rst level referral
• EVIDENCE FOR TECHNICAL UPDATE OF POCKET BOOK RECOMMENDATIONS: itals. This second edition is based on evidenc ted and published clinical guidelines. It is for utpatient care in small hospitals with basic lab ntial medicines."
WHO_pg43_health-facilities_chunk2,WHO,42,HEALTH FACILITIES,,,table,820,"Source: WHO
Section: HEALTH FACILITIES

This second edition is based on evidenc ted and published clinical guidelines. It is for utpatient care in small hospitals with basic lab ntial medicines. In some settings, these guide | Col2: e from several WHO use in both inpatient oratory facilities and lines can be used in
• EVIDENCE FOR TECHNICAL UPDATE OF POCKET BOOK RECOMMENDATIONS: acilities where sick children are admitted for i Pocket Book is one of a series of documents a ntegrated Management of Childhood Illness (I re the hospital to have (1) the capacity to carry tigations, such as pulse oximetry, blood gl inations for malaria parasites, estimation of h | Col2: npatient care. nd tools that support H MCI). The guidelines out certain essential u a c e o m s o e g , l b o l b o i o n d , p s a m ck e e a d r C"
WHO_pg43_health-facilities_chunk3,WHO,42,HEALTH FACILITIES,,,table,813,"Source: WHO
Section: HEALTH FACILITIES

Evidence Profile
• EDITION 2013 POCKET BOOK OF Hospital care for children GUIDELINES FOR THE MANAGEMENT OF COMMON CHILDHOOD ILLNESSES Second edition: d related conditions, severe acute malnu It also covers some common surgical co n small hospitals. he evIidnentcee gonr wahticeh dthe M Pocakent Baoogk eis b ite from the published guidelines provide elines are applicable in most areas of t suit country specifi c circumstances. Th regularly as new evidence emerges. information please contact: I ewborn, Child and Adolescent Health h Organization ppia, 1211 Geneva 27, Switzerland 791 3281 • E-mail mncah@who.int w.who.int/maternal_child_adolescent/en | Col2: trition and paediatric nditions that can be maseedn cta no bfe fCounhd iolnd hood Illness d in the bibliography."
WHO_pg43_health-facilities_chunk4,WHO,42,HEALTH FACILITIES,,,table,402,"Source: WHO
Section: HEALTH FACILITIES

| Col2: trition and paediatric nditions that can be maseedn cta no bfe fCounhd iolnd hood Illness d in the bibliography. he world and may be e online version will 2013 SBN 978 92 4 154837 3 WHO Booklet INTEGRATED March 2014
• EDITION 2013 POCKET BOOK OF Hospital care for children GUIDELINES FOR THE MANAGEMENT OF COMMON CHILDHOOD ILLNESSES Second edition: Chart"
WHO_pg44_referral-is-not-possible_chunk1,WHO,43,referral is not possible,,,paragraph,269,"Source: WHO
Section: referral is not possible

■The GDG emphasized the importance of referring all infants aged 0–59 days with signs of PSBI to hospital and noted that the recommendations for non-hospital settings are only for situations where referral is not possible."
WHO_pg44_referral-is-not-possible_chunk2,WHO,43,referral is not possible,,,paragraph,995,"Source: WHO
Section: referral is not possible

■The GDG emphasized the importance of referring all infants aged 0–59 days with signs of PSBI to hospital and noted that the recommendations for non-hospital settings are only for situations where referral is not possible. If referral to hospital is not possible, the GDG emphasized that the health worker must:
― seek the highest possible level of medical advice, consultation and care for the infant;
― explain to the caregiver that the infant is very sick and reinforce the importance of hospital care;
― manage the infant in the clinic wherever possible;
― monitor the infant continuously on cardiac, respiratory and pulse oximetry monitors wherever possible until the infant is considered stable and no longer critical (if continuous monitoring is not possible then frequent vital signs and observations must be taken, ideally every hour);
― review the infant’s condition in the clinic if possible (if this is not possible then the clinic team"
WHO_pg44_referral-is-not-possible_chunk3,WHO,43,referral is not possible,,,paragraph,269,"Source: WHO
Section: referral is not possible

should perform home visits wherever feasible);
― review all infants on the day after stopping treatment; and ― ensure that all infants have careful long- term follow-up care to assess and manage complications and sequelae."
WHO_pg44_risk-groups_chunk1,WHO,43,Risk groups,,,paragraph,405,"Source: WHO
Section: Risk groups

■The GDG was unable to make specific recommendations for infants in any of the pre-specified high-risk subgroups, including preterm infants, due to insufficient evidence.
■The GDG was also unable to recommend further risk stratification (e.g. by gestational age, birthweight or maternal risk factors) due to lack of evidence, and emphasized the need for further research."
WHO_pg44_resistance-amr-patterns_chunk1,WHO,43,resistance (AMR) patterns,,,paragraph,718,"Source: WHO
Section: resistance (AMR) patterns

■The GDG was unable to make recommendations for settings with different AMR patterns due to insufficient evidence.
■The GDG recognized the problems with emerging AMR in community and hospital settings and encouraged governments and all stakeholders to set up community and hospital-based AMR surveillance to guide future regional-level decisions about antibiotic use.
■The GDG strongly recommended investment in clinical and laboratory training, equipment and AMR surveillance in community and hospital settings.
■The GDG emphasized the importance of antimicrobial stewardship programmes in hospitals, including the use of the WHO AWaRe antibiotic classification system."
WHO_pg45_a-non-hospital-settings_chunk1,WHO,44,A. Non-hospital settings,,,paragraph,830,"Source: WHO
Section: A. Non-hospital settings

A.2 Critical illness in young infants aged 0–59 days in non-hospital settings Ampicillin IM/IV for a total of at least 10 days ■50 mg/kg/dose every 12 hours (first week of life) ■50 mg/kg/dose every 8 hours (> first week of life)
Plus Gentamicin IM/IV for a total of at least 10 days ■5 mg/kg once a day (first week of life)
■7.5 mg/kg once a day (> first week of life)
A.3 Clinical severe infection in young infants aged 0–59 days in non-hospital settings Amoxicillin oral for a total of at least 7 days ■50 mg/kg/dose every 12 hours (first week of life) ■50 mg/kg/dose every 8 hours (> first week of life)
Plus Gentamicin IM/IV for a total of at least 7 days, or 2 days if 7 days is not possible ■5 mg/kg once a day (first week of life)
■7.5 mg/kg once a day (> first week of life)"
WHO_pg45_a-non-hospital-settings_chunk2,WHO,44,A. Non-hospital settings,,,paragraph,633,"Source: WHO
Section: A. Non-hospital settings

■50 mg/kg/dose every 8 hours (> first week of life)
Plus Gentamicin IM/IV for a total of at least 7 days, or 2 days if 7 days is not possible ■5 mg/kg once a day (first week of life)
■7.5 mg/kg once a day (> first week of life) A.4 Fast breathing as the only clinical sign of illness in young infants aged 0–6 days in non-hospital settings Amoxicillin oral for at least 7 days ■50 mg/kg/dose every 12 hours A.5 Fast breathing as the only clinical sign of illness in young infants aged 7–59 days in non-hospital settings Amoxicillin oral for at least 7 days ■50 mg/kg/dose every 12 hours"
WHO_pg45_b-hospital-settings_chunk1,WHO,44,B. Hospital settings,,,paragraph,408,"Source: WHO
Section: B. Hospital settings

B.2 Suspected sepsis in young infants aged 0–59 days in hospital settings Ampicillin IM/IV for a total of at least 10 days ■50 mg/kg/dose every 12 hours (first week of life)
■50 mg/kg/dose every 8 hours (> first week of life)
Plus Gentamicin IM/IV for a total of at least 10 days ■5 mg/kg once a day (first week of life)
■7.5 mg/kg once a day (> first week of life)"
WHO_pg46_62_chunk1,WHO,45,62,,,paragraph,739,"Source: WHO
Section: 62

B.3 Suspected staphylococcal sepsis in young infants aged 0–59 days in hospital settings Cloxacillin IM/IV for a total of at least 10 days ■50 mg/kg/dose every 12 hours (first week of life) ■50 mg/kg/dose every 8 hours (> first week of life)
Plus Gentamicin IM/IV for a total of at least 10 days ■5 mg/kg once a day (first week of life)
■7.5 mg/kg once a day (> first week of life)
B.4 Suspected meningitis in young infants aged 0–59 days in hospital settings Ampicillin IM/IV for a total of at least 3 weeks ■50 mg/kg/dose every 12 hours (first week of life) ■50 mg/kg/dose every 8 hours (> first week of life)
Or Cefotaxime IM/IV for a total of at least 3 weeks ■50 mg/kg/dose every 12 hours (first week of life)"
WHO_pg46_62_chunk2,WHO,45,62,,,paragraph,812,"Source: WHO
Section: 62

■50 mg/kg/dose every 8 hours (> first week of life)
Or Cefotaxime IM/IV for a total of at least 3 weeks ■50 mg/kg/dose every 12 hours (first week of life) ■50 mg/kg/dose every 6 hours (> first week of life)
Or Ceftriaxone IM/IV for a total of at least 3 weeks ■100 mg/kg once a day (whether starting in the first week of life or later)
Plus Gentamicin IM/IV for a total of at least 3 weeks ■5 mg/kg once a day (first week of life)
■7.5 mg/kg once a day (> first week of life) Note: Give ampicillin plus third-generation cephalosporin plus gentamicin (i.e. triple therapy) if Listeria monocytogenes is suspected. B.5 Suspected pneumonia in young infants aged 0–59 days in hospital settings Ampicillin IM/IV for a total of at least 7 days ■50 mg/kg/dose every 12 hours (first week of life)"
WHO_pg46_62_chunk3,WHO,45,62,,,paragraph,790,"Source: WHO
Section: 62

Suspected pneumonia in young infants aged 0–59 days in hospital settings Ampicillin IM/IV for a total of at least 7 days ■50 mg/kg/dose every 12 hours (first week of life) ■50 mg/kg/dose every 8 hours (> first week of life)
Plus Gentamicin IM/IV for a total of at least 7 days ■5 mg/kg once a day (first week of life)
■7.5 mg/kg once a day (> first week of life)
B.6 Suspected staphylococcal pneumonia in young infants aged 0–59 days in hospital settings Cloxacillin IM/IV for a total of at least 7 days ■50 mg/kg/dose every 12 hours (first week of life) ■50 mg/kg/dose every 8 hours (> first week of life)
Plus Gentamicin IM/IV for a total of at least 7 days ■5 mg/kg once a day (first week of life)
■7.5 mg/kg once a day (> first week of life)
Table 3.1 continued"
WHO_pg47_4-implementation_chunk1,WHO,46,"4.	Implementation",,,paragraph,945,"Source: WHO
Section: 4.	Implementation

The recommendations should be adapted to the needs of different countries, local contexts, and individual families and infants. The GDG proposed implementation considerations for each recommendation and also reflected on adoption, adaptation and implementation to ensure availability, accessibility, acceptability and quality of care, in accordance with a human rights-based approach. Providers of services for infants with infections must consider the needs of, and provide equal care to, all individuals and their newborns. Health policy considerations for the adoption and scale-up of recommended interventions for the care of infants with SBI:
■A firm government commitment to scale-up and increased coverage of these interventions is needed, irrespective of social, economic, ethnic, racial or other factors. National support must be secured for all recommendations, not just for specific components."
WHO_pg47_4-implementation_chunk2,WHO,46,"4.	Implementation",,,paragraph,788,"Source: WHO
Section: 4.	Implementation

Health policy considerations for the adoption and scale-up of recommended interventions for the care of infants with SBI:
■A firm government commitment to scale-up and increased coverage of these interventions is needed, irrespective of social, economic, ethnic, racial or other factors. National support must be secured for all recommendations, not just for specific components. ■To set the policy agenda, to secure broad anchoring and to ensure progress in policy formulation and decision-making, representatives of training facilities and the relevant medical specialties and professional societies should be included in participatory processes at all stages, including prior to an actual policy decision, to secure broad support for scaling up."
WHO_pg47_4-implementation_chunk3,WHO,46,"4.	Implementation",,,paragraph,697,"Source: WHO
Section: 4.	Implementation

■To set the policy agenda, to secure broad anchoring and to ensure progress in policy formulation and decision-making, representatives of training facilities and the relevant medical specialties and professional societies should be included in participatory processes at all stages, including prior to an actual policy decision, to secure broad support for scaling up. ■To facilitate negotiations and planning, situation- specific information on the expected impact of implementation of the recommendations on service users, health workers and costs should be compiled and disseminated. Health system or organization-level considerations for implementation:"
WHO_pg47_4-implementation_chunk4,WHO,46,"4.	Implementation",,,paragraph,871,"Source: WHO
Section: 4.	Implementation

■To facilitate negotiations and planning, situation- specific information on the expected impact of implementation of the recommendations on service users, health workers and costs should be compiled and disseminated. Health system or organization-level considerations for implementation: ■Derivative tools and job aids should be updated, such as Integrated management of childhood illness: management of the sick and young infant aged up to 2 months (28), Pocket book of hospital care for children: guidelines for the management of common childhood illnesses (13), as should lists of essential medicines at global and national levels. ■National and subnational subgroups may be established to adapt and implement these recommendations, including development or revision of existing national or subnational guidelines or protocols."
WHO_pg47_4-implementation_chunk5,WHO,46,"4.	Implementation",,,paragraph,763,"Source: WHO
Section: 4.	Implementation

■National and subnational subgroups may be established to adapt and implement these recommendations, including development or revision of existing national or subnational guidelines or protocols. ■Long-term planning is needed for resource generation and budget allocation to address the shortage of health workers and trained community health workers, to improve facility infrastructure and referral pathways, and to strengthen and sustain high-quality small and sick newborn care services. ■Implementation of the recommendations should involve pre-service training institutions and professional bodies, so that training curricula for small and sick newborn care services can be updated as quickly and smoothly as possible."
WHO_pg47_4-implementation_chunk6,WHO,46,"4.	Implementation",,,paragraph,894,"Source: WHO
Section: 4.	Implementation

■Implementation of the recommendations should involve pre-service training institutions and professional bodies, so that training curricula for small and sick newborn care services can be updated as quickly and smoothly as possible. ■In-service training and supervisory courses will need to be developed according to health workers’ professional requirements, considering the content and duration of the courses and the procedures for the selection of health workers for training. These courses can also be explicitly designed to address staff turnover, particularly in low-resource settings. ■Standardized tools will need to be developed for supervision, ensuring that supervisors are able to support and enable health workers to deliver integrated, comprehensive small and sick newborn care services. ■A strategy to optimize the use of human resources."
WHO_pg47_4-implementation_chunk7,WHO,46,"4.	Implementation",,,paragraph,438,"Source: WHO
Section: 4.	Implementation

■Standardized tools will need to be developed for supervision, ensuring that supervisors are able to support and enable health workers to deliver integrated, comprehensive small and sick newborn care services. ■A strategy to optimize the use of human resources. ■Strategies will need to be devised to improve supply chain management according to local requirements, such as developing protocols for"
WHO_pg48_64_chunk1,WHO,47,64,,,paragraph,949,"Source: WHO
Section: 64

the procedures of obtaining and maintaining the stock of supplies, encouraging health workers to collect and monitor data on the stock levels, and strengthening the provider-level coordination and follow-up of medicines and health-care supplies required for implementation. ■Development or revision of national guidelines and health facility-based protocols is needed. ■Good-quality supervision, communication and transport links between community, primary- and higher-level facilities need to be established to ensure that referral pathways are efficient. ■Successful implementation strategies should be documented and shared as examples of best practice for other implementers. User-level considerations for implementation:
■Community-sensitizing activities should be undertaken to disseminate information about the importance of each component of care, and infants’ rights to receive care for their health and well-being."
WHO_pg48_64_chunk2,WHO,47,64,,,paragraph,891,"Source: WHO
Section: 64

User-level considerations for implementation:
■Community-sensitizing activities should be undertaken to disseminate information about the importance of each component of care, and infants’ rights to receive care for their health and well-being. This information should provide details about the timing and content of the recommended contacts, and about the expected user fees. Considerations for humanitarian emergencies:
■The adaptation of the recommendations should consider their integration and alignment with other emergency response strategies. Additional considerations should be made for the unique needs of families and infants in emergency settings, including their values and preferences. Context-specific tools may be required in addition to standard tools to support the implementation by stakeholders of the recommendations in humanitarian emergencies."
WHO_pg49_5-applicability-issues_chunk1,WHO,48,"5.	Applicability issues",,,paragraph,769,"Source: WHO
Section: 5.	Applicability issues

A number of factors (barriers) may hinder the effective implementation and scale-up of the recommendations in this guideline. These factors may be related to the behaviours of families or health workers or to the organization of care or health service delivery. As part of efforts to implement these recommendations, health system stakeholders may wish to consider the following potential barriers: ■difficult access to health services and health workers for families and newborns, including lack of transport, geographical conditions and financial barriers; ■lack of human resources for health with the necessary expertise and skills to implement, supervise and support recommended practices, including client counselling;"
WHO_pg49_5-applicability-issues_chunk2,WHO,48,"5.	Applicability issues",,,paragraph,922,"Source: WHO
Section: 5.	Applicability issues

■lack of human resources for health with the necessary expertise and skills to implement, supervise and support recommended practices, including client counselling; ■lack of infrastructure to support interventions (e.g.
electricity for refrigeration, access to clean water and sanitation, access to digital interventions and devices, and physical space to conduct individual care and counselling); ■lack of time or understanding of the value of newly recommended interventions among health workers and health system administrators; ■lack of physical resources (e.g. equipment, supplies, medicines and nutritional supplements); ■lack of opportunities for continuing education and professional development for health workers;
■resistance of health workers to change from non-evidence-based to evidence-based practices (e.g. providing home visits or ensuring family involvement);"
WHO_pg49_5-applicability-issues_chunk3,WHO,48,"5.	Applicability issues",,,paragraph,743,"Source: WHO
Section: 5.	Applicability issues

■lack of opportunities for continuing education and professional development for health workers;
■resistance of health workers to change from non-evidence-based to evidence-based practices (e.g. providing home visits or ensuring family involvement); ■lack of effective referral mechanisms and care pathways for families and newborns identified as needing additional care and hospital referral; and ■lack of health management information systems designed to document and monitor recommended practices (e.g. patient records and registers). Given the potential barriers noted above, a phased approach to adoption, adaptation and implementation of the recommendations in this guideline may be helpful."
AAP_pg2_abstract_chunk1,AAP,1,abstract,,,paragraph,812,"Source: AAP
Section: abstract

The incidence of neonatal early-onset sepsis (EOS) has declined substantially over the last 2 decades, primarily because of the implementation of evidence-based intrapartum antimicrobial therapy. However, EOS remains a serious and potentially fatal illness. Laboratory tests alone are neither sensitive nor specific enough to guide EOS management decisions. Maternal and infant clinical characteristics can help identify newborn infants who are at risk and guide the administration of empirical antibiotic therapy. The incidence of EOS, the prevalence and implications of established risk factors, the predictive value of commonly used laboratory tests, and the uncertainties in the risk/benefit balance of antibiotic exposures all vary significantly with gestational age at birth."
AAP_pg2_abstract_chunk2,AAP,1,abstract,,,paragraph,646,"Source: AAP
Section: abstract

The incidence of EOS, the prevalence and implications of established risk factors, the predictive value of commonly used laboratory tests, and the uncertainties in the risk/benefit balance of antibiotic exposures all vary significantly with gestational age at birth. Our purpose in this clinical report is to provide a summary of the current epidemiology of neonatal sepsis among infants born at ≥35 0/7 weeks’ gestation and a framework for the development of evidence-based approaches to sepsis risk assessment among these infants. Early-onset sepsis (EOS) is a serious and potentially fatal complication of birth."
AAP_pg2_abstract_chunk3,AAP,1,abstract,,,paragraph,944,"Source: AAP
Section: abstract

Our purpose in this clinical report is to provide a summary of the current epidemiology of neonatal sepsis among infants born at ≥35 0/7 weeks’ gestation and a framework for the development of evidence-based approaches to sepsis risk assessment among these infants. Early-onset sepsis (EOS) is a serious and potentially fatal complication of birth. Assessing term and late-preterm newborn infants for risk of EOS is one of the most common clinical tasks conducted by pediatric providers.1 As the use of preventive intrapartum antibiotic therapies has increased and the incidence of EOS has decreased, physicians are challenged to identify those newborn infants who are at the highest risk of infection. Pediatric providers are particularly concerned about initially well- appearing infants with identified risk factors for EOS for fear of missing the opportunity to intervene before infants become critically ill."
AAP_pg2_abstract_chunk4,AAP,1,abstract,,,paragraph,828,"Source: AAP
Section: abstract

Pediatric providers are particularly concerned about initially well- appearing infants with identified risk factors for EOS for fear of missing the opportunity to intervene before infants become critically ill. The need to (1) assess a newborn infant’s risk of EOS, (2) determine which steps should be taken at particular levels of risk (including the administration of empirical, broad-spectrum antibiotic therapies), and (3) decide when to discontinue empirical antibiotic therapies are critically important decisions that are made daily by physicians caring for neonates. Depending on the local structure of pediatric care, these decisions are made by community pediatricians, family physicians, emergency department physicians, newborn hospitalists, and/or neonatal intensive care specialists."
AAP_pg2_epidemiology-of-neonatal_chunk1,AAP,1,EPIDEMIOLOGY OF NEONATAL EOS,,,paragraph,781,"Source: AAP
Section: EPIDEMIOLOGY OF NEONATAL EOS

EOS is defined as a blood or cerebrospinal fluid (CSF) culture obtained within 72 hours after birth growing a pathogenic bacterial species. This microbiologic definition stands in contrast to the functional definitions of sepsis that are used in pediatric and adult patients, for whom the definition is used to specify a series of time-sensitive interventions. Before the first national guidelines were published in which researchers recommended intrapartum antibiotic prophylaxis (IAP) to prevent perinatal group B Streptococcus (GBS) disease, the overall incidence of EOS in the United States was 3 to 4 cases per 1000 live births. Currently, the incidence of EOS among infants who are born at term has declined to approximately"
AAP_pg2_epidemiology-of-neonatal_chunk2,AAP,1,EPIDEMIOLOGY OF NEONATAL EOS,in 1000 live births. The EOS,,paragraph,768,"Source: AAP
Section: EPIDEMIOLOGY OF NEONATAL EOS
Topic: in 1000 live births. The EOS

incidence is higher (approximately 1 in 1000 live births) among late- preterm infants but still an order of magnitude lower than the incidence among preterm, very low birth weight infants. Culture-confirmed meningitis among term infants is even more rare, with an incidence of 0.01 to 0.02 cases per 1000 live births. Morbidity and mortality from EOS remain substantial;
approximately 60% of term infants with EOS require neonatal intensive care for respiratory distress and/or blood pressure support. Mortality is approximately 2% to 3% among infants with EOS born at ≥35 weeks’
gestation. EOS primarily begins in utero and was originally described as amniotic infection syndrome."
AAP_pg2_epidemiology-of-neonatal_chunk3,AAP,1,EPIDEMIOLOGY OF NEONATAL EOS,in 1000 live births. The EOS,,paragraph,1012,"Source: AAP
Section: EPIDEMIOLOGY OF NEONATAL EOS
Topic: in 1000 live births. The EOS

Mortality is approximately 2% to 3% among infants with EOS born at ≥35 weeks’
gestation. EOS primarily begins in utero and was originally described as amniotic infection syndrome. Among term 2 infants, the pathogenesis of EOS is most commonly that of ascending colonization and infection of the uterine compartment with maternal gastrointestinal and genitourinary flora during labor with subsequent colonization and invasive infection of the fetus and/or fetal aspiration of infected amniotic fluid. Rarely, EOS may develop at or near term before the onset of labor. Whether acquired hematogenously across the placenta or via an ascending route, bacterial infection can be a cause of stillbirth in the third trimester. Listeria monocytogenes, which is usually transmitted from the mother to the fetus by the transplacental hematogenous spread of infection before the onset of labor, is an infrequent but notable cause of EOS."
AAP_pg2_risk-factors-for-eos_chunk1,AAP,1,RISK FACTORS FOR EOS,,,paragraph,817,"Source: AAP
Section: RISK FACTORS FOR EOS

The occurrence, severity, and duration of specific clinical risk factors can be used to assess the risk of EOS among term and late-preterm infants. Evidence has supported the predictive value of gestational age, maternal intraamniotic infection (represented either by intrapartum fever or the obstetric clinical diagnosis of chorioamnionitis), the duration of rupture of membranes (ROM), maternal GBS colonization, the administration of appropriate intrapartum antibiotic therapy, and the newborn clinical condition. Surveillance studies in the United States reveal higher rates of EOS among infants who are born to mothers of African American race compared with those who are not of African American race, but race is not an independent predictor in multivariable analyses."
AAP_pg2_risk-factors-for-eos_chunk2,AAP,1,RISK FACTORS FOR EOS,,,paragraph,885,"Source: AAP
Section: RISK FACTORS FOR EOS

Surveillance studies in the United States reveal higher rates of EOS among infants who are born to mothers of African American race compared with those who are not of African American race, but race is not an independent predictor in multivariable analyses. Multiple other factors associated with an increased risk of EOS (eg, twin gestation, fetal tachycardia, meconium-stained amniotic fluid)
also are not independent predictors of infection. The clinical diagnosis of chorioamnionitis has been used as a primary risk factor for identifying infants who are at risk for EOS, presenting multiple difficulties for obstetric and neonatal providers. Although most infants with EOS are born to women with this clinical diagnosis, specificity is poor;
only a small proportion of infants who are born in the setting of chorioamnionitis develop EOS."
AAP_pg2_risk-factors-for-eos_chunk3,AAP,1,RISK FACTORS FOR EOS,,,paragraph,808,"Source: AAP
Section: RISK FACTORS FOR EOS

Although most infants with EOS are born to women with this clinical diagnosis, specificity is poor;
only a small proportion of infants who are born in the setting of chorioamnionitis develop EOS. In a review of nearly 400 000 newborn infants, researchers confirmed the high rate of chorioamnionitis diagnosis among the mothers of infants with EOS but estimated that approximately 450 term infants who were exposed to chorioamnionitis would have to be treated per case of confirmed EOS. These data are used to provide a strong argument against using the clinical diagnosis of chorioamnionitis as a sole indicator of risk for EOS in term infants. The identification of chorioamnionitis itself is challenging, particularly among women who are laboring at or near term."
AAP_pg2_risk-factors-for-eos_chunk4,AAP,1,RISK FACTORS FOR EOS,,,paragraph,750,"Source: AAP
Section: RISK FACTORS FOR EOS

The identification of chorioamnionitis itself is challenging, particularly among women who are laboring at or near term. The American College of Obstetricians and Gynecologists (ACOG) has recently opted to transition away from the use of the term chorioamnionitis to the use of intraamniotic infection and has published guidance for its diagnosis and management. The ACOG aligned with the recommendations of a multispecialty workshop sponsored by the Eunice Kennedy Shriver National Institute of Child Health and Human Development in defining a confirmed diagnosis of intraamniotic infection as 1 made by using positive amniotic fluid Gram- stain and/or culture results or by using placental histopathology."
AAP_pg2_risk-factors-for-eos_chunk5,AAP,1,RISK FACTORS FOR EOS,,,paragraph,890,"Source: AAP
Section: RISK FACTORS FOR EOS

The ACOG aligned with the recommendations of a multispecialty workshop sponsored by the Eunice Kennedy Shriver National Institute of Child Health and Human Development in defining a confirmed diagnosis of intraamniotic infection as 1 made by using positive amniotic fluid Gram- stain and/or culture results or by using placental histopathology. Suspected intraamniotic infection is defined as maternal intrapartum fever (either a single maternal intrapartum temperature ≥39.0°C or a temperature of 38.0°C–38.9°C that persists for >30 minutes) and 1 or more of the following: maternal leukocytosis, purulent cervical drainage, and fetal tachycardia. The

ACOG recommends that intrapartum antibiotic therapy be administered whenever intraamniotic infection is diagnosed or suspected and when otherwise unexplained maternal fever occurs in isolation."
AAP_pg2_risk-factors-for-eos_chunk6,AAP,1,RISK FACTORS FOR EOS,,,paragraph,457,"Source: AAP
Section: RISK FACTORS FOR EOS

The

ACOG recommends that intrapartum antibiotic therapy be administered whenever intraamniotic infection is diagnosed or suspected and when otherwise unexplained maternal fever occurs in isolation. These recommendations are based on data revealing the protective effect for both the mother and fetus when infection is present while acknowledging frequent uncertainty about the presence of intraamniotic infection."
AAP_pg3_management_chunk1,AAP,2,MANAGEMENT,,,paragraph,846,"Source: AAP
Section: MANAGEMENT

Newborn infants may be exposed to antibiotic drugs before birth in the form of GBS IAP, maternal surgical prophylaxis in cesarean deliveries, or intrapartum antibiotic therapy administered because of suspected or confirmed intraamniotic infection or other maternal infections. Combined, these indications result in an antibiotic exposure of 32% to 45% of all newborn infants. Administered to protect mothers and newborn infants, such early antibiotic exposures may also have negative consequences for term and late-preterm infants. Researchers in retrospective studies conducted primarily among term infants have associated antibiotic administration in infancy with increased risks of later childhood health problems, such as wheezing, asthma, food allergy, inflammatory bowel disease, and childhood obesity.26–32"
AAP_pg3_management_chunk2,AAP,2,MANAGEMENT,,,paragraph,830,"Source: AAP
Section: MANAGEMENT

Researchers in retrospective studies conducted primarily among term infants have associated antibiotic administration in infancy with increased risks of later childhood health problems, such as wheezing, asthma, food allergy, inflammatory bowel disease, and childhood obesity.26–32 Although the biologic basis of such associations is not firmly established, researchers suggest that neonatal antibiotic administration alters the developing gut microbiome. Intrapartum antibiotic administration has been associated with changes in stool bacterial composition at 1 week, 3 months, and 12 months of age. The impact of breastfeeding on gut dysbiosis may be important given that mother-infant separation for EOS evaluation can delay the initiation of breastfeeding and increase formula supplementation."
AAP_pg3_management_chunk3,AAP,2,MANAGEMENT,,,paragraph,665,"Source: AAP
Section: MANAGEMENT

The impact of breastfeeding on gut dysbiosis may be important given that mother-infant separation for EOS evaluation can delay the initiation of breastfeeding and increase formula supplementation. Although the relationship between early neonatal antibiotic exposure and subsequent childhood health remains to be defined, current evidence reveals that such exposures do affect newborn infants in the short-term; therefore, physicians should consider the risk/ benefit balance of initiating antibiotic therapy for the risk of EOS as well as for continuing empirical antibiotic therapy in the absence of a culture- confirmed infection."
AAP_pg3_late-preterm-infants_chunk1,AAP,2,LATE-PRETERM INFANTS,,,paragraph,944,"Source: AAP
Section: LATE-PRETERM INFANTS

Three approaches currently exist for the use of risk factors to identify infants who are at increased risk of EOS, as detailed in the following sections. Each approach has merits and limitations, and each is a reasonable approach to risk assessment among infants who are born at ≥35 weeks’ gestation. No strategy can be used to immediately identify all infants who will develop EOS or avoid the treatment of a substantial number of infants who are uninfected. Therefore, each strategy must include measures to monitor infants who are not initially identified and to minimize the duration of antibiotic administration to infants who are uninfected. Those at birth centers should develop institutional approaches that are best suited to their local resources and structures. Optimally, the effect of the chosen approach should be measured to identify low-frequency adverse events and to affirm efficacy."
AAP_pg3_categorical-risk-factor-_chunk1,AAP,2,Categorical Risk Factor Assessment,,,paragraph,954,"Source: AAP
Section: Categorical Risk Factor Assessment

A categorical risk factor assessment includes risk factor threshold values to identify infants who are at increased risk for EOS. Algorithms for the management of GBS-specific EOS have been used as a general framework for the prevention of all EOS. Risk factors used in such algorithms included (1) any newborn infant who is ill appearing;
(2) a mother with a clinical diagnosis of chorioamnionitis; (3) a mother who is colonized with GBS and who received inadequate IAP, with a duration of ROM being >18 hours or birth before 37 weeks’ gestation;
or (4) a mother who is colonized with GBS who received inadequate IAP but with no additional risk factors. Recommendations in these algorithms include the following:
laboratory testing and empirical antibiotic therapy for infants in categories 1 and 2, laboratory testing for category 3, and observation in the hospital for ≥48 hours for category 4."
AAP_pg3_categorical-risk-factor-_chunk2,AAP,2,Categorical Risk Factor Assessment,,,paragraph,976,"Source: AAP
Section: Categorical Risk Factor Assessment

Recommendations in these algorithms include the following:
laboratory testing and empirical antibiotic therapy for infants in categories 1 and 2, laboratory testing for category 3, and observation in the hospital for ≥48 hours for category 4. Different versions of this approach have been published since 1996 and have been incorporated by physicians into local algorithms. An advantage of using categorical risk factors is that substantial data have been reported that are used to address the effects on GBS-specific disease and on the frequency of neonatal EOS evaluation. Limitations of this approach include a lack of clear definitions for newborn clinical illness, difficulties in establishing the clinical diagnosis of maternal chorioamnionitis, an inconsistent consideration of intrapartum antibiotics, and the absence of guidance on what is used to define abnormal laboratory test results in the newborn infant."
AAP_pg3_multivariate-risk-assess_chunk1,AAP,2,Multivariate Risk Assessment,,,paragraph,856,"Source: AAP
Section: Multivariate Risk Assessment

A multivariate risk assessment includes an individualized synthesis of established risk factors and the newborn clinical condition to estimate each infant’s risk of EOS. A cohort of 608 000 newborn infants was used to develop predictive models for culture-confirmed EOS based on objective data that are known at the moment of birth7 and the evolving newborn condition during the first 6 to 12 hours after birth. The objective data include gestational age, the highest maternal intrapartum temperature, the 3

maternal GBS colonization status, the duration of ROM, and the type and duration of intrapartum antibiotic therapies. The predictive models were used to develop a Web-based Neonatal Early-Onset Sepsis Risk Calculator with recommended clinical algorithms that are based on the final risk estimate."
AAP_pg3_multivariate-risk-assess_chunk2,AAP,2,Multivariate Risk Assessment,,,paragraph,905,"Source: AAP
Section: Multivariate Risk Assessment

The predictive models were used to develop a Web-based Neonatal Early-Onset Sepsis Risk Calculator with recommended clinical algorithms that are based on the final risk estimate. Blood culture and enhanced clinical observation are recommended for infants with an EOS risk estimated at ≥1 per 1000 live births, and blood culture and empirical antibiotic therapy are recommended for infants with an EOS risk estimated at ≥3 per 1000 live births. A prospective validation in 204 685 infants revealed that blood culture testing declined by 66%, and empirical antibiotic administration declined by 48% with this approach compared with the previous use of a categorical risk algorithm based on recommendations by the Centers for Disease Control and Prevention (CDC). No adverse effects of the multivariate risk approach were noted during birth hospitalization."
AAP_pg3_multivariate-risk-assess_chunk3,AAP,2,Multivariate Risk Assessment,,,paragraph,709,"Source: AAP
Section: Multivariate Risk Assessment

A prospective validation in 204 685 infants revealed that blood culture testing declined by 66%, and empirical antibiotic administration declined by 48% with this approach compared with the previous use of a categorical risk algorithm based on recommendations by the Centers for Disease Control and Prevention (CDC). No adverse effects of the multivariate risk approach were noted during birth hospitalization. Readmissions for culture-confirmed infection during the week after discharge from the birth hospital were rare (approximately 5 in 100 000 births) and did not differ by the approach (sepsis risk calculator versus CDC risk algorithm) used at birth."
AAP_pg3_multivariate-risk-assess_chunk4,AAP,2,Multivariate Risk Assessment,,,paragraph,934,"Source: AAP
Section: Multivariate Risk Assessment

Readmissions for culture-confirmed infection during the week after discharge from the birth hospital were rare (approximately 5 in 100 000 births) and did not differ by the approach (sepsis risk calculator versus CDC risk algorithm) used at birth. The advantages of the multivariate approach are that it (1) is used to provide differential information on an individual infant’s risk rather than place infants in categories with a wide range of risk, (2)
includes only objective data and not a clinical diagnosis of maternal chorioamnionitis, and (3) results in relatively few well-appearing newborn infants being treated empirically with antibiotic agents. Potential concerns are derived from the anticipated effect on birth hospitals because this multivariate approach necessitates increased clinical surveillance for some 4 infants in the well nursery and/ or postpartum care unit."
AAP_pg3_multivariate-risk-assess_chunk5,AAP,2,Multivariate Risk Assessment,,,paragraph,860,"Source: AAP
Section: Multivariate Risk Assessment

Potential concerns are derived from the anticipated effect on birth hospitals because this multivariate approach necessitates increased clinical surveillance for some 4 infants in the well nursery and/ or postpartum care unit. The classification of infants as clinically ill, equivocal, or well appearing requires ongoing clinical assessment over the first 12 hours after birth. Workflow changes could be needed to accommodate changes in the frequency of vital signs and other clinical assessments for infants who are identified as being at moderate risk of EOS. Those at institutions opting for this approach may set different risk thresholds for specific actions other than those that are validated but should also consider quantifying the effect of the chosen risk thresholds to affirm safety and efficacy."
AAP_pg4_newborn-clinical-conditi_chunk1,AAP,3,Newborn Clinical Condition,,,paragraph,989,"Source: AAP
Section: Newborn Clinical Condition

A third strategy consists of the reliance on clinical signs of illness to identify infants with EOS. Under this approach, regardless of any estimation of neonatal or maternal risk factors for EOS, infants who appear ill at birth and those who develop signs of illness over the first 48 hours after birth are either treated empirically with antibiotic agents or further evaluated by laboratory screening. Among term and late- preterm infants, good clinical condition at birth is associated with a reduction in risk for EOS of approximately 60% to 70%. A multidisciplinary panel sponsored by the Eunice Kennedy Shriver National Institute of Child Health and Human Development advocated that infants be flagged for risk of EOS on the basis of the obstetric diagnosis of suspected intraamniotic infection but that those conducting newborn evaluation primarily rely on clinical observation alone for well-appearing term and late-preterm infants."
AAP_pg4_newborn-clinical-conditi_chunk2,AAP,3,Newborn Clinical Condition,,,paragraph,987,"Source: AAP
Section: Newborn Clinical Condition

A multidisciplinary panel sponsored by the Eunice Kennedy Shriver National Institute of Child Health and Human Development advocated that infants be flagged for risk of EOS on the basis of the obstetric diagnosis of suspected intraamniotic infection but that those conducting newborn evaluation primarily rely on clinical observation alone for well-appearing term and late-preterm infants. Those at several centers have reported experience with strategies based on the identification of at-risk newborn infants using categorical or multivariate approaches to risk accompanied by laboratory tests and serial examinations of at-risk newborn infants. Researchers at 1 center in Italy reported a cohort of 7628 term infants who were managed with a categorical approach to risk identification and compared the outcomes with a cohort of 7611 infants who were managed with serial physical examinations every 4 to 6 hours through 48 hours of age."
AAP_pg4_newborn-clinical-conditi_chunk3,AAP,3,Newborn Clinical Condition,,,paragraph,981,"Source: AAP
Section: Newborn Clinical Condition

Researchers at 1 center in Italy reported a cohort of 7628 term infants who were managed with a categorical approach to risk identification and compared the outcomes with a cohort of 7611 infants who were managed with serial physical examinations every 4 to 6 hours through 48 hours of age. Significant decreases in the use of laboratory tests, blood cultures, and empirical antibiotic agents were observed in the second cohort. Two infants who developed EOS in the second cohort were identified as they developed signs of illness. The primary advantage of this approach is a significant reduction in the rate of antibiotic use. Those at institutions adopting such an approach will need to decide whether to adopt a categorical or multivariate approach for the identification of infants who are at risk. Alternatively, providers can decide to conduct serial clinical evaluations on all newborn infants without regard to risk of EOS."
AAP_pg4_newborn-clinical-conditi_chunk4,AAP,3,Newborn Clinical Condition,,,paragraph,920,"Source: AAP
Section: Newborn Clinical Condition

Alternatively, providers can decide to conduct serial clinical evaluations on all newborn infants without regard to risk of EOS. The latter approach would provide a means of identifying infants who develop EOS despite a low estimate of risk and initially reassuring clinical condition. Such cases occur at rate of approximately 1 in 10 000 live births among term and late-preterm infants. Potential disadvantages of this approach are that it can require significant changes to newborn care at birth hospitals, including the establishment of processes to ensure universal serial, structured, documented examinations and the development of clear criteria for additional evaluation and empirical antibiotic administration. Frequent medical examinations of all newborn infants may be variably acceptable to families and may add significantly to the cost of well nursery care."
AAP_pg4_newborn-clinical-conditi_chunk5,AAP,3,Newborn Clinical Condition,,,paragraph,444,"Source: AAP
Section: Newborn Clinical Condition

Frequent medical examinations of all newborn infants may be variably acceptable to families and may add significantly to the cost of well nursery care. Importantly, physicians and families must understand that the identification of initially well- appearing infants who develop

clinical illness is not a failure of care but rather an anticipated outcome of this approach to EOS risk management."
AAP_pg5_blood-culture_chunk1,AAP,4,Blood Culture,,,paragraph,927,"Source: AAP
Section: Blood Culture

In the absence of validated, clinically available molecular diagnostics, blood culture remains the diagnostic standard for EOS. Newborn surface cultures and gastric aspirate analysis cannot be used to diagnose EOS, and urine culture is not indicated in sepsis evaluations performed at <72 hours of age. In modern blood culture systems, optimized enriched culture media with antimicrobial neutralization properties, continuous-read detection systems, and specialized pediatric culture bottles are used. Concerns have been raised about the incomplete detection of low-level bacteremia and the effect of intrapartum antibiotic administration. However, these systems are used to reliably detect bacteremia at a level of 1 to 10 colony-forming units per mL if a minimum blood volume of 1 mL is inoculated. Furthermore, researchers in several studies have reported no effect on time to positivity."
AAP_pg5_blood-culture_chunk2,AAP,4,Blood Culture,,,paragraph,895,"Source: AAP
Section: Blood Culture

However, these systems are used to reliably detect bacteremia at a level of 1 to 10 colony-forming units per mL if a minimum blood volume of 1 mL is inoculated. Furthermore, researchers in several studies have reported no effect on time to positivity. Culture media containing antimicrobial neutralization elements efficiently neutralize β-lactam antibiotic agents and gentamicin. A median blood culture time to positivity of <24 hours is reported among term infants when using contemporary blood culture techniques. Despite the performance characteristics of modern blood cultures, a prolonged empirical antibiotic treatment of term newborn infants who are critically ill may occasionally be appropriate despite negative culture results. Pediatric blood culture bottles generally require a minimum inoculum of 1 mL of blood for optimal recovery of organisms."
AAP_pg5_blood-culture_chunk3,AAP,4,Blood Culture,,,paragraph,849,"Source: AAP
Section: Blood Culture

Pediatric blood culture bottles generally require a minimum inoculum of 1 mL of blood for optimal recovery of organisms. The use of 2 separate culture bottles may provide the opportunity to determine if commensal species are true infections by comparing growth in the 2 cultures. The use of 1 aerobic and 1 anaerobic culture bottle may be done to optimize the organism recovery of rare strict anaerobic species, and most neonatal pathogens, including GBS, Escherichia coli, and Staphylococcus aureus, will grow under anaerobic conditions. Anaerobic blood culture is routinely performed as part of sepsis evaluation among obstetric and other adult patients. Those at individual centers may benefit from collaborative discussion with those at the laboratory where cultures are processed to optimize local processes."
AAP_pg5_csf-culture_chunk1,AAP,4,CSF Culture,,,paragraph,890,"Source: AAP
Section: CSF Culture

CSF culture should ideally be performed along with blood culture and before the initiation of empirical antibiotic therapy for infants who are at the highest risk of EOS. Among infants born at ≥35 weeks’ gestation, those at the highest risk include those with critical illness. CSF cell counts obtained after the initiation of empirical antibiotic therapy may be difficult to interpret. However, physicians must balance the challenges of CSF interpretation with the realities of care: lumbar puncture should not be performed if the newborn infant’s clinical condition would be compromised or antibiotic initiation would be delayed by the procedure. Meningitis was diagnosed clinically in 4% of EOS cases in CDC surveillance, but only half of the diagnoses were made by using CSF culture, reflecting the practical difficulties in performing lumbar puncture."
AAP_pg5_csf-culture_chunk2,AAP,4,CSF Culture,,,paragraph,795,"Source: AAP
Section: CSF Culture

Meningitis was diagnosed clinically in 4% of EOS cases in CDC surveillance, but only half of the diagnoses were made by using CSF culture, reflecting the practical difficulties in performing lumbar puncture. CSF culture and analysis should be performed if blood cultures grow a pathogen to optimize the type and duration of antibiotic therapy. CSF culture and analysis do not need to be performed in the vast majority of term infants for whom blood cultures are sterile. The incidence of culture-confirmed meningitis in the absence of culture-confirmed bacteremia is approximately 1 to 2 cases per 100 000 live births. Physicians may, therefore, use their best judgment to determine when CSF analysis should be performed in the absence of documented bacteremia."
AAP_pg5_white-blood-cell-count_chunk1,AAP,4,White Blood Cell Count,,,paragraph,674,"Source: AAP
Section: White Blood Cell Count

The white blood cell (WBC) count, immature/total neutrophil ratio (I/T), and absolute neutrophil count (ANC) are commonly used to assess the risk of EOS. Multiple clinical factors can affect the WBC count and differential, including gestational age at birth, sex, and mode of delivery. Fetal bone marrow depression attributable to maternal preeclampsia or placental insufficiency and prolonged exposure to inflammatory signals, such as those associated with the premature ROM, frequently result in abnormal values in the absence of infection. As the incidence of EOS declines, the clinical utility of the WBC count also declines."
AAP_pg5_white-blood-cell-count_chunk2,AAP,4,White Blood Cell Count,,,paragraph,938,"Source: AAP
Section: White Blood Cell Count

Fetal bone marrow depression attributable to maternal preeclampsia or placental insufficiency and prolonged exposure to inflammatory signals, such as those associated with the premature ROM, frequently result in abnormal values in the absence of infection. As the incidence of EOS declines, the clinical utility of the WBC count also declines. Researchers in 2 large, multicenter studies applied the likelihood ratio, a test characteristic that is independent of disease incidence, to assess the relationship between WBC count and culture- confirmed EOS among term and late-preterm infants and found that none of the components (WBC count, I/T, nor ANC) performed well. Extreme values (total WBC count <5000/μL [I/T >0.3; ANC <2000/ μL] in one study and WBC count <1000/μL [ANC <100/μL; and I/T >0.5] in the other) were associated with the highest likelihood ratios but very low sensitivities."
AAP_pg5_white-blood-cell-count_chunk3,AAP,4,White Blood Cell Count,,,paragraph,437,"Source: AAP
Section: White Blood Cell Count

[ANC <100/μL; and I/T >0.5] in the other) were associated with the highest likelihood ratios but very low sensitivities. WBC count >20 000/μL and platelet counts were not associated with EOS in either study. The I/T squared (I/T divided by the ANC) performed better than any of the more traditional tests and was independent of age in hours 5

but also had modest sensitivity and specificity."
AAP_pg6_other-inflammatory-marke_chunk1,AAP,5,Other Inflammatory Markers,,,paragraph,945,"Source: AAP
Section: Other Inflammatory Markers

Researchers in multiple studies address other markers of inflammation, including C-reactive protein (CRP), procalcitonin, interleukins (ILs) (soluble IL-2 receptor, IL-6, and IL-8), tumor necrosis factor α, and CD64. Both CRP and procalcitonin concentrations increase in newborn infants in response to a variety of inflammatory stimuli, including infection, asphyxia, and pneumothorax. Procalcitonin concentrations also increase naturally over the first 24 to 36 hours after birth. Single values of CRP or procalcitonin obtained after birth to assess the risk of EOS are neither sensitive nor specific to guide EOS care decisions. Consistently normal values of CRP and procalcitonin over the first 48 hours of age are associated with the absence of EOS, but serial abnormal values alone should not be used to decide whether to administer antibiotics in the absence of culture-confirmed infection."
AAP_pg6_other-inflammatory-marke_chunk2,AAP,5,Other Inflammatory Markers,,,paragraph,468,"Source: AAP
Section: Other Inflammatory Markers

Consistently normal values of CRP and procalcitonin over the first 48 hours of age are associated with the absence of EOS, but serial abnormal values alone should not be used to decide whether to administer antibiotics in the absence of culture-confirmed infection. Additionally, at this time, a serial evaluation of inflammatory markers should not be used to assess well-appearing term newborn infants for risk of EOS."
AAP_pg6_treatment-of-eos_chunk1,AAP,5,TREATMENT OF EOS,,,paragraph,940,"Source: AAP
Section: TREATMENT OF EOS

The microbial causes of EOS in the United States have been unchanged over the past 10 years. Researchers in national surveillance studies continue to identify GBS as the most common bacteria isolated in EOS cases among term and late-preterm infants, accounting for approximately 40% to 45% of all cases, followed by E coli in approximately 10% to 15% of cases. The remaining cases are caused primarily by other Gram- positive organisms (predominantly viridans group streptococci and enterococci), and approximately 5% are caused by other Gram-negative 6 organisms. S aureus (approximately 3%–4%) and L monocytogenes (approximately 1%–2%) are less common causes of EOS among term infants. Ampicillin and gentamicin, in combination, is the first choice for empirical therapy for EOS. This combination will be effective against GBS, most other streptococcal and enterococcal species, and L monocytogenes."
AAP_pg6_treatment-of-eos_chunk2,AAP,5,TREATMENT OF EOS,,,paragraph,971,"Source: AAP
Section: TREATMENT OF EOS

This combination will be effective against GBS, most other streptococcal and enterococcal species, and L monocytogenes. Although two-thirds of E coli EOS isolates and most other Gram-negative EOS isolates are resistant to ampicillin, the majority remain sensitive to gentamicin. Extended-spectrum β-lactamase– producing organisms are rarely reported among EOS cases in the United States. Therefore, the routine empirical use of broader-spectrum antibiotic agents is typically not justified and may be harmful. Nonetheless, approximately 7% of E coli cases (1.7% of all EOS cases)
were resistant to both ampicillin and gentamicin in recent CDC surveillance studies.4 Among term newborn infants who are critically ill, the empirical addition of broader- spectrum therapy should be considered until culture results are available. When EOS is confirmed by using blood culture, lumbar puncture should be performed if not previously done."
AAP_pg6_treatment-of-eos_chunk3,AAP,5,TREATMENT OF EOS,,,paragraph,906,"Source: AAP
Section: TREATMENT OF EOS

Nonetheless, approximately 7% of E coli cases (1.7% of all EOS cases)
were resistant to both ampicillin and gentamicin in recent CDC surveillance studies.4 Among term newborn infants who are critically ill, the empirical addition of broader- spectrum therapy should be considered until culture results are available. When EOS is confirmed by using blood culture, lumbar puncture should be performed if not previously done. Serial daily blood cultures should be performed until microbiological sterility is documented. In definitive antibiotic therapy, providers should use the narrowest spectrum of appropriate antibiotics. The duration of therapy should be guided by expert references (eg, the American Academy of Pediatrics Red Book:
Report of the Committee on Infectious Diseases) and informed by using CSF analysis results and the achievement of sterile cultures."
AAP_pg6_treatment-of-eos_chunk4,AAP,5,TREATMENT OF EOS,,,paragraph,857,"Source: AAP
Section: TREATMENT OF EOS

The duration of therapy should be guided by expert references (eg, the American Academy of Pediatrics Red Book:
Report of the Committee on Infectious Diseases) and informed by using CSF analysis results and the achievement of sterile cultures. Consultation with infectious disease specialists can be considered for cases that are complicated by meningitis or other site-specific infections and for cases that are caused by resistant or atypical organisms. Among term infants with unexplained critical cardiorespiratory illness, an empirical course of antibiotic therapy may be justified even in the absence of culture-confirmed infection. Most often, however, antibiotic therapy should be discontinued when blood cultures are sterile at 36 to 48 hours of incubation unless there is evidence of site-specific infection."
AAP_pg6_treatment-of-eos_chunk5,AAP,5,TREATMENT OF EOS,,,paragraph,379,"Source: AAP
Section: TREATMENT OF EOS

Most often, however, antibiotic therapy should be discontinued when blood cultures are sterile at 36 to 48 hours of incubation unless there is evidence of site-specific infection. Continuing empirical antibiotic therapy in response to laboratory test abnormalities alone is rarely justified, particularly among well- appearing term infants."
AAP_pg6_prevention-strategies_chunk1,AAP,5,PREVENTION STRATEGIES,,,paragraph,903,"Source: AAP
Section: PREVENTION STRATEGIES

The only proven preventive strategy for EOS is the appropriate administration of maternal IAP.
Recommendations from national professional organizations should be followed for the administration of GBS intrapartum prophylaxis as well as for the administration of intrapartum antibiotic therapy when there is suspected or confirmed intraamniotic infection. Neonatal practices are focused on the identification and empirical antibiotic treatment of newborn infants who are at risk for EOS; these practices cannot prevent EOS. The empirical administration of intramuscular penicillin to all newborn infants to prevent neonatal GBS-specific EOS is not justified and is not endorsed by the American Academy of Pediatrics.
Neither GBS IAP nor any neonatal EOS practice will prevent late-onset GBS infection3,82,83 or any other form of late-onset bacterial infection."
AAP_pg6_summary-points_chunk1,AAP,5,SUMMARY POINTS,,,paragraph,928,"Source: AAP
Section: SUMMARY POINTS

We include the following summary points:
1. The epidemiology of EOS differs substantially between term and/ or late-preterm infants and very preterm infants. 2. Infants born at ≥35 0/7 weeks’ gestation can be stratified by the level of risk for EOS. Acceptable approaches to risk stratification include the following:
o categorical algorithms in which threshold values for intrapartum risk factors are used;
o multivariate risk assessment based on both intrapartum risk factors and infant examinations. The Neonatal Early-Onset Sepsis Risk Calculator47 is an example of this approach; and o serial physical examination to detect the presence of clinical signs of illness after birth. This approach may begin with a categorical or multivariate assessment to identify newborn infants who are at risk and will be subjected to serial monitoring, or this may be applied to all newborn infants. 3."
AAP_pg6_summary-points_chunk2,AAP,5,SUMMARY POINTS,,,paragraph,822,"Source: AAP
Section: SUMMARY POINTS

This approach may begin with a categorical or multivariate assessment to identify newborn infants who are at risk and will be subjected to serial monitoring, or this may be applied to all newborn infants. 3. Birth centers should consider the development of locally tailored, documented guidelines for EOS risk assessment and clinical management. Ongoing surveillance once guidelines are implemented is recommended. 4. The diagnosis of EOS is made by using blood or CSF cultures. EOS cannot be diagnosed by using laboratory tests, such as a complete blood cell count or CRP or by using surface cultures, gastric aspirate analysis, or urine culture. 5. The combination of ampicillin and gentamicin is the appropriate empirical antibiotic regimen for most infants who are at risk for EOS."
AAP_pg6_summary-points_chunk3,AAP,5,SUMMARY POINTS,,,paragraph,454,"Source: AAP
Section: SUMMARY POINTS

The combination of ampicillin and gentamicin is the appropriate empirical antibiotic regimen for most infants who are at risk for EOS. The empirical administration of additional broad-spectrum agents may be indicated in term infants who are critically ill until appropriate culture results are known. 6. When blood cultures are sterile, antibiotic therapy should be discontinued by 36 to 48 hours of incubation unless"
AAP_PRETERM_pg1_abstract_chunk1,AAP_PRETERM,0,abstract,,,paragraph,946,"Source: AAP_PRETERM
Section: abstract

Early-onset sepsis (EOS) remains a serious and often fatal illness among infants born preterm, particularly among newborn infants of the lowest gestational age. Currently, most preterm infants with very low birth weight are treated empirically with antibiotics for risk of EOS, often for prolonged periods, in the absence of a culture-confirmed infection. Retrospective studies have revealed that antibiotic exposures after birth are associated with multiple subsequent poor outcomes among preterm infants, making the risk/benefit balance of these antibiotic treatments uncertain. Gestational age is the strongest single predictor of EOS, and the majority of preterm births occur in the setting of other factors associated with risk of EOS, making it difficult to apply risk stratification strategies to preterm infants. Laboratory tests alone have a poor predictive value in preterm EOS."
AAP_PRETERM_pg1_abstract_chunk2,AAP_PRETERM,0,abstract,,,paragraph,982,"Source: AAP_PRETERM
Section: abstract

Gestational age is the strongest single predictor of EOS, and the majority of preterm births occur in the setting of other factors associated with risk of EOS, making it difficult to apply risk stratification strategies to preterm infants. Laboratory tests alone have a poor predictive value in preterm EOS. Delivery characteristics of extremely preterm infants present an opportunity to identify those with a lower risk of EOS and may inform decisions to initiate or extend antibiotic therapies. Our purpose for this clinical report is to provide a summary of the current epidemiology of preterm neonatal sepsis and provide guidance for the development of evidence-based approaches to sepsis risk assessment among preterm newborn infants. Antibiotics are administered shortly after birth to nearly all preterm infants with very low birth weight (VLBW) (birth weight <1500 g)
because of the risk of early-onset sepsis (EOS)."
AAP_PRETERM_pg1_abstract_chunk3,AAP_PRETERM,0,abstract,,,paragraph,750,"Source: AAP_PRETERM
Section: abstract

Antibiotics are administered shortly after birth to nearly all preterm infants with very low birth weight (VLBW) (birth weight <1500 g)
because of the risk of early-onset sepsis (EOS). Physicians are often reluctant to discontinue antibiotics once initiated for many reasons, including the relatively high risk of EOS among preterm infants and the relatively high rate of mortality attributable to infection. Particularly among infants with VLBW, neonatal clinicians must determine which infants are most likely to have EOS when nearly all have some degree of respiratory or systemic instability. Poor predictive performance of common laboratory tests and concerns regarding the unreliability"
AAP_PRETERM_pg2_2_chunk1,AAP_PRETERM,1,2,,,paragraph,416,"Source: AAP_PRETERM
Section: 2

of blood cultures add to the difficulty in discriminating at-risk infants. Because gestational age is the strongest predictor of EOS and approximately two-thirds of preterm labor, premature rupture of membranes (PROM), or clinical chorioamnionitis, risk stratification strategies cannot be applied to preterm newborn infants in the same manner as for term neonates."
AAP_PRETERM_pg2_neonatal-eos_chunk1,AAP_PRETERM,1,NEONATAL EOS,,,paragraph,678,"Source: AAP_PRETERM
Section: NEONATAL EOS

Preterm EOS is defined as a blood or cerebrospinal fluid (CSF) culture obtained within 72 hours after birth that is growing a pathogenic bacterial species. This microbiological definition stands in contrast to the functional definitions of sepsis used in pediatric and adult patients, for whom the definition is used to specify a series of time-sensitive interventions. The current overall incidence of EOS in the United States is approximately 0.8 cases per 1000 live births. A disproportionate number of cases occur among infants born preterm in a manner that is inversely proportional to gestational age at birth."
AAP_PRETERM_pg2_neonatal-eos_chunk2,AAP_PRETERM,1,NEONATAL EOS,,,paragraph,795,"Source: AAP_PRETERM
Section: NEONATAL EOS

A disproportionate number of cases occur among infants born preterm in a manner that is inversely proportional to gestational age at birth. The incidence of EOS is approximately 0.5 cases per 1000 infants born at ≥37 weeks’ gestation, compared with approximately 1 case per 1000 infants born at 34 to 36 weeks’ gestation, 6 cases per 1000 infants born at <34 weeks’ gestation, 20 cases per 1000 infants born at <29 weeks’ gestation, and 32 cases per 1000 infants born at 22 to 24 weeks’
gestation. The incidence of EOS has declined among term infants over the past 25 years, a change attributed to the implementation of evidence- based intrapartum antimicrobial therapy. The impact of such therapies on preterm infants is less clear."
AAP_PRETERM_pg2_neonatal-eos_chunk3,AAP_PRETERM,1,NEONATAL EOS,,,paragraph,806,"Source: AAP_PRETERM
Section: NEONATAL EOS

The incidence of EOS has declined among term infants over the past 25 years, a change attributed to the implementation of evidence- based intrapartum antimicrobial therapy. The impact of such therapies on preterm infants is less clear. Authors of the most recent studies report an EOS incidence among infants with VLBW ranging from 9 to 11 cases per 1000 infants with VLBW, whereas studies from the early 1990s revealed rates of 19 to 32 per 1000 infants. Improvements among VLBW incidence may be limited to those born at older gestational ages. No significant change over time was observed in a study of 34 636 infants born from 1993 to 2012 at 22 to 28 weeks’ gestation, with the reported incidence ranging from 20.5 to 24.4 per 1000 infants."
AAP_PRETERM_pg2_neonatal-eos_chunk4,AAP_PRETERM,1,NEONATAL EOS,,,paragraph,945,"Source: AAP_PRETERM
Section: NEONATAL EOS

No significant change over time was observed in a study of 34 636 infants born from 1993 to 2012 at 22 to 28 weeks’ gestation, with the reported incidence ranging from 20.5 to 24.4 per 1000 infants. Morbidity and mortality from EOS remain substantial: 95% of preterm infants with EOS require neonatal intensive care for respiratory distress and/or blood pressure support, and 75% of deaths from EOS occur among infants with VLBW. The mortality rate among those with EOS is an order of magnitude higher among preterm compared with term infants, whether measured by gestational age (1.6% at ≥37 weeks, 30% at 25–28 weeks, and approximately 50% at 22–24 weeks) or birth weight (3.5% among those born at ≥1500 g vs 35% for those born at <1500 g). The pathogenesis of preterm EOS is complex. EOS primarily begins in utero and was originally described as the “amniotic infection syndrome.”"
AAP_PRETERM_pg2_neonatal-eos_chunk5,AAP_PRETERM,1,NEONATAL EOS,,,paragraph,881,"Source: AAP_PRETERM
Section: NEONATAL EOS

The pathogenesis of preterm EOS is complex. EOS primarily begins in utero and was originally described as the “amniotic infection syndrome.” Among term infants, EOS pathogenesis most commonly develops during labor and involves ascending colonization and infection of the uterine compartment with maternal gastrointestinal and genitourinary flora, with subsequent colonization and invasive infection of the fetus and/or fetal aspiration of infected amniotic fluid. This intrapartum sequence may be responsible for EOS that develops after PROM or during preterm labor that is induced for maternal indications. However, the pathogenesis of preterm EOS likely begins before the onset of labor in many cases of preterm labor and/or PROM. Intraamniotic infection (IAI)
may cause stillbirth in the second and third trimesters."
AAP_PRETERM_pg2_neonatal-eos_chunk6,AAP_PRETERM,1,NEONATAL EOS,,,paragraph,978,"Source: AAP_PRETERM
Section: NEONATAL EOS

However, the pathogenesis of preterm EOS likely begins before the onset of labor in many cases of preterm labor and/or PROM. Intraamniotic infection (IAI)
may cause stillbirth in the second and third trimesters. In approximately 25% of cases, IAI is the cause of preterm labor and PROM, particularly when these occur at the lowest gestational ages; evidence suggests that microbial-induced maternal inflammation can initiate parturition and elicit fetal inflammatory responses. Organisms isolated from the intrauterine compartment of women with preterm labor, PROM, or both are primarily vaginal in origin and include low-virulence species, such as Ureaplasma, as well as anaerobic species and well- recognized neonatal pathogens, such as Escherichia coli and group B Streptococcus (GBS). The isolation of maternal oral flora and, more rarely, Listeria monocytogenes, suggests a transplacental pathway for some IAIs."
AAP_PRETERM_pg2_neonatal-eos_chunk7,AAP_PRETERM,1,NEONATAL EOS,,,paragraph,597,"Source: AAP_PRETERM
Section: NEONATAL EOS

The isolation of maternal oral flora and, more rarely, Listeria monocytogenes, suggests a transplacental pathway for some IAIs. Inflammation inciting parturition may not, however, always be attributable to IAI. Inflammation resulting from immune-mediated rejection of the fetal or placental compartment (from maternal extrauterine infection), as well as that incited by reproductive or nonreproductive microbiota, may all contribute to the pathogenesis of preterm labor and PROM, complicating the interpretation of placental pathology."
AAP_PRETERM_pg2_risk-factors-for-preterm_chunk1,AAP_PRETERM,1,RISK FACTORS FOR PRETERM EOS,,,paragraph,745,"Source: AAP_PRETERM
Section: RISK FACTORS FOR PRETERM EOS

Multiple clinical risk factors have been used to assess the risk of EOS weeks’ gestation. Univariate analyses of risk factors for EOS among preterm infants have been used to identify gestational age, birth weight, PROM and prolonged rupture of membranes (ROM), preterm onset of labor, maternal age and race, maternal intrapartum fever, mode of delivery, and administration of intrapartum antibiotics to be associated with risk of EOS; however, the independent contribution of any specific factor other than gestational age has been difficult to quantify. For example, among term infants, there is a linear relationship between the duration of ROM and the risk of EOS."
AAP_PRETERM_pg3_3_chunk1,AAP_PRETERM,2,3,,,paragraph,958,"Source: AAP_PRETERM
Section: 3

In contrast, the relationship between PROM and the risk of EOS is not simply described by its occurrence or duration but modified by gestational age as well as by the additional presence of clinical chorioamnionitis and the administration of latency and intrapartum antibiotics. These observations are likely related to uncertainty regarding the role of intrauterine infection and cervical structural defects in the pathogenesis of spontaneous PROM. The clinical diagnosis of chorioamnionitis has been used as a primary risk factor for identifying infants at risk for EOS. Most preterm infants with EOS are born to women with this clinical diagnosis. The American College of Obstetricians and Gynecologists (ACOG) recently advocated for using the term “intraamniotic infection” rather than chorioamnionitis (which is primarily a histologic diagnosis)
and published guidance for its diagnosis and management."
AAP_PRETERM_pg3_3_chunk2,AAP_PRETERM,2,3,,,paragraph,917,"Source: AAP_PRETERM
Section: 3

The American College of Obstetricians and Gynecologists (ACOG) recently advocated for using the term “intraamniotic infection” rather than chorioamnionitis (which is primarily a histologic diagnosis)
and published guidance for its diagnosis and management. A confirmed diagnosis of IAI is made by a positive result on an amniotic fluid Gram-stain, culture, or placental histopathology. Suspected IAI is diagnosed by maternal intrapartum fever (either a single documented maternal intrapartum temperature of ≥39.0°C or a temperature of 38.0–38.9°C that persists for >30 minutes) and 1 or more of the following: (1) maternal leukocytosis, (2) purulent cervical drainage, and (3) fetal tachycardia. The ACOG recommends that intrapartum antibiotics be administered whenever IAI is diagnosed or suspected and when otherwise unexplained maternal fever occurs during labor."
AAP_PRETERM_pg3_3_chunk3,AAP_PRETERM,2,3,,,paragraph,971,"Source: AAP_PRETERM
Section: 3

The ACOG recommends that intrapartum antibiotics be administered whenever IAI is diagnosed or suspected and when otherwise unexplained maternal fever occurs during labor. Chorioamnionitis or IAI is strongly associated with EOS in preterm infants, with a number needed to treat of only 6 to 40 infants per case of confirmed EOS. Conversely, the absence of clinical and histologic chorioamnionitis may be used to identify a group of preterm infants who are at a lower risk for EOS. In a study of 15 318 infants born at 22 to 28 weeks’
gestation, those born by cesarean delivery with membrane rupture at delivery and without clinical chorioamnionitis were significantly less likely to have EOS or die before 12 hours of age. The number needed to treat for infants born in these circumstances was approximately 200; with the additional absence of histologic chorioamnionitis, the number needed to treat is approximately 380."
AAP_PRETERM_pg3_3_chunk4,AAP_PRETERM,2,3,,,paragraph,595,"Source: AAP_PRETERM
Section: 3

The number needed to treat for infants born in these circumstances was approximately 200; with the additional absence of histologic chorioamnionitis, the number needed to treat is approximately 380. Another study of 109 cases of EOS occurring among 5313 infants with VLBW over a 25-year period revealed that 97% of cases occurred in infants born with some combination of PROM, preterm labor, or concern for IAI. In that report, 2 cases of listeriosis occurred in the context of unexplained fetal distress in otherwise uncomplicated pregnancies."
AAP_PRETERM_pg3_preterm-eos-management_chunk1,AAP_PRETERM,2,PRETERM EOS MANAGEMENT,,,paragraph,820,"Source: AAP_PRETERM
Section: PRETERM EOS MANAGEMENT

Currently, most premature infants with VLBW are treated empirically with antibiotics for risk of EOS, often for prolonged periods, even in the absence of a culture-confirmed infection. Prolonged empirical antibiotics are administered to approximately 35% to 50% of infants with a low gestational age, with significant center-specific variation. Antibiotic drugs are administered for many reasons, including the relatively high incidence of EOS among preterm infants, the relatively high rate of mortality attributable to infection, and the frequency of clinical instability after birth. Empirical antibiotics administered to very preterm infants in the first days after birth have been associated with an increased risk of subsequent poor outcomes."
AAP_PRETERM_pg3_preterm-eos-management_chunk2,AAP_PRETERM,2,PRETERM EOS MANAGEMENT,,,paragraph,928,"Source: AAP_PRETERM
Section: PRETERM EOS MANAGEMENT

Empirical antibiotics administered to very preterm infants in the first days after birth have been associated with an increased risk of subsequent poor outcomes. One multicenter study of 4039 infants born from 1998 to 2001 with a birth weight of <1000 g revealed that those infants who died or had a diagnosis of necrotizing enterocolitis (NEC) before hospital discharge were significantly more likely to have received prolonged empirical antibiotic therapy in the first week after birth. The authors of the study estimated that the risk of NEC increased by 7% for each additional day of antibiotics administered in the absence of culture-confirmed EOS. Authors of a single-center study of infants with VLBW estimated that the risk of NEC increased by 20% for each additional day of antibiotics administered in the absence of a culture-confirmed infection."
AAP_PRETERM_pg3_preterm-eos-management_chunk3,AAP_PRETERM,2,PRETERM EOS MANAGEMENT,,,paragraph,924,"Source: AAP_PRETERM
Section: PRETERM EOS MANAGEMENT

Authors of a single-center study of infants with VLBW estimated that the risk of NEC increased by 20% for each additional day of antibiotics administered in the absence of a culture-confirmed infection. Authors of another study of 11 669 infants with VLBW assessed the overall rate of antibiotic use and found that higher rates during the first week after birth or during the entire hospitalization were both associated with increased mortality, even when adjusted for multiple predictors of neonatal morbidity and mortality. One concern in each of these studies is that some infants categorized as uninfected may in fact have suffered from EOS. Yet, even among 5640 infants born at 22 to 28 weeks’ gestation at a lower risk for EOS, those who received therapy during the first week after birth had higher rates of death and bronchopulmonary dysplasia."
AAP_PRETERM_pg3_preterm-eos-management_chunk4,AAP_PRETERM,2,PRETERM EOS MANAGEMENT,,,paragraph,978,"Source: AAP_PRETERM
Section: PRETERM EOS MANAGEMENT

Yet, even among 5640 infants born at 22 to 28 weeks’ gestation at a lower risk for EOS, those who received therapy during the first week after birth had higher rates of death and bronchopulmonary dysplasia. Several explanations are possible for all of these findings, including simply that physicians administer the most antibiotics to the sickest infants. Other potential mechanisms include the role of antibiotics in promoting dysbiosis of the gut, skin, and respiratory tract, affecting the interactions between colonizing flora in maintaining health and promoting immunity; it is also possible that antibiotics and dysbiosis function as modulators of vascular development. Although the full relationship between early neonatal antibiotic exposures and subsequent childhood health remains to be defined, current evidence suggests that such exposures do affect preterm infants. Physicians should consider"
AAP_PRETERM_pg4_risk-categorization-for-_chunk1,AAP_PRETERM,3,RISK CATEGORIZATION FOR PRETERM,,,paragraph,972,"Source: AAP_PRETERM
Section: RISK CATEGORIZATION FOR PRETERM

Perhaps the greatest contributor to the nearly universal practice of empirical antibiotic administration to preterm infants is the uncertainty in EOS risk assessment. Because gestational age is the strongest predictor of EOS, and two-thirds of preterm labor, PROM, or clinical concern for intrauterine infection, risk stratification strategies cannot be applied to preterm infants in the same manner as for term neonates. In particular, the Neonatal Early-Onset Sepsis Risk Calculator does not apply to infants born before 34 0/7 weeks’
gestation. The objective of EOS risk assessment among preterm infants is, therefore, to determine which infants are at the lowest risk for infection and who, despite clinical instability, may be spared administration of empirical antibiotics. The circumstances of preterm birth may provide the best current approach to EOS management for preterm infants."
AAP_PRETERM_pg4_eos_chunk1,AAP_PRETERM,3,EOS,,,paragraph,976,"Source: AAP_PRETERM
Section: EOS

Criteria for preterm infants to be considered at a lower risk for EOS include the following: (1) obstetric indications for preterm birth (such as maternal preeclampsia or other noninfectious medical illness or placental insufficiency), (2) birth by cesarean delivery, and (3) absence of labor, attempts to induce labor, or any ROM before delivery. Acceptable initial approaches to these infants might include (1) no laboratory evaluation and no empirical antibiotic therapy, or (2) a blood culture and clinical monitoring. For infants who do not improve after initial stabilization and/or those who have severe systemic instability, the administration of empirical antibiotics may be reasonable but is not mandatory. Infants in this category who are born by vaginal or cesarean delivery after efforts to induce labor and/or ROM before delivery are subject to factors associated with the pathogenesis of EOS during delivery."
AAP_PRETERM_pg4_eos_chunk2,AAP_PRETERM,3,EOS,,,paragraph,614,"Source: AAP_PRETERM
Section: EOS

Infants in this category who are born by vaginal or cesarean delivery after efforts to induce labor and/or ROM before delivery are subject to factors associated with the pathogenesis of EOS during delivery. If any concern for infection arises during the process of delivery, the infant should be managed as recommended below for preterm infants at a higher risk for EOS. Otherwise, an acceptable approach to these infants is to obtain a blood culture and to initiate antibiotic therapy for infants with respiratory and/or cardiovascular instability after birth."
AAP_PRETERM_pg4_eos_rec1_chunk1,AAP_PRETERM,3,EOS,,rec1,recommendation,761,"Source: AAP_PRETERM
Section: EOS
Recommendation: rec1

Recommendation: Infants born preterm because of cervical incompetence, preterm labor, PROM, chorioamnionitis or IAI, and/or acute and otherwise unexplained onset of nonreassuring fetal status are at the highest risk for EOS. In these cases, IAI may be the cause of preterm birth or a secondary complication of PROM and cervical dilatation. IAI may also be the cause of unexplained fetal distress. The most reasonable approach to these infants is to perform a blood culture and start empirical antibiotic treatment. Obtaining CSF for culture before the administration of antibiotics should be considered if the infant will tolerate the procedure and if it will not delay the initiation of"
AAP_PRETERM_pg4_blood-culture_chunk1,AAP_PRETERM,3,Blood Culture,,,paragraph,935,"Source: AAP_PRETERM
Section: Blood Culture

In the absence of validated, clinically available molecular diagnostic tests, a blood culture remains the diagnostic standard for EOS. Newborn surface cultures and gastric aspirate analysis cannot be used to diagnose EOS, and a urine culture is not indicated in sepsis evaluations performed at <72 hours of age. Modern blood culture systems use optimized enriched culture media with antimicrobial neutralization properties, continuous-read detection systems, and specialized pediatric culture bottles. Although concerns have been raised regarding incomplete detection of low-level bacteremia and the effects of intrapartum antibiotic administration, these systems reliably detect bacteremia at a level of 1 to 10 colony-forming units if a minimum of 1 mL of blood is inoculated;
authors of several studies report no effect of intrapartum antibiotics on time to positivity."
AAP_PRETERM_pg4_blood-culture_chunk2,AAP_PRETERM,3,Blood Culture,,,paragraph,945,"Source: AAP_PRETERM
Section: Blood Culture

Although concerns have been raised regarding incomplete detection of low-level bacteremia and the effects of intrapartum antibiotic administration, these systems reliably detect bacteremia at a level of 1 to 10 colony-forming units if a minimum of 1 mL of blood is inoculated;
authors of several studies report no effect of intrapartum antibiotics on time to positivity. Culture media containing antimicrobial neutralization elements efficiently neutralize β-lactam antibiotics and gentamicin. A median blood culture time to positivity <24 hours is reported among VLBW infants when using contemporary blood culture techniques. Pediatric blood culture bottles generally require a minimum of 1 mL of blood for optimal recovery of organisms. The use of 2 separate bottles may provide the opportunity to determine if commensal species are true infections by comparing growth in the two."
AAP_PRETERM_pg4_blood-culture_chunk3,AAP_PRETERM,3,Blood Culture,,,paragraph,890,"Source: AAP_PRETERM
Section: Blood Culture

The use of 2 separate bottles may provide the opportunity to determine if commensal species are true infections by comparing growth in the two. Use of 1 aerobic and 1 anaerobic culture bottle may optimize organism recovery. Most neonatal pathogens, including GBS, E coli, coagulase-negative Staphylococcus, and Staphylococcus aureus, will grow in anaerobic conditions. One study revealed that with routine use of both pediatric aerobic and adult anaerobic blood cultures, strict anaerobic species (primarily Bacteroides fragilis)
were isolated in 16% of EOS cases in preterm infants with VLBW. An anaerobic blood culture is routinely performed among adult patients at risk for infection and can be used for neonatal blood cultures. Individual centers may benefit from collaborative discussion with the laboratory where cultures"
AAP_PRETERM_pg5_csf-culture_chunk1,AAP_PRETERM,4,CSF Culture,,,paragraph,840,"Source: AAP_PRETERM
Section: CSF Culture

The incidence of meningitis is higher among preterm infants (approximately 0.7 cases per 1000 live births at 22–28 weeks’
gestation) compared with the incidence in the overall birth population (approximately 0.02–0.04 cases per 1000 live births). In the study of differential EOS risk among very preterm infants, meningitis did not occur at all among lower-risk preterm infants. The true incidence of meningitis among preterm infants may be underestimated because of the common practice of performing a lumbar puncture after the initiation of empirical antibiotic therapy. Although most preterm with culture-confirmed early-onset meningitis grow the same organism from blood cultures, the concordance is not 100%, and CSF cell count parameters may not always identify meningitis."
AAP_PRETERM_pg5_csf-culture_chunk2,AAP_PRETERM,4,CSF Culture,,,paragraph,604,"Source: AAP_PRETERM
Section: CSF Culture

Although most preterm with culture-confirmed early-onset meningitis grow the same organism from blood cultures, the concordance is not 100%, and CSF cell count parameters may not always identify meningitis. If a CSF culture has not been obtained before the initiation of empirical antibiotics, physicians should balance the physiologic stability of the infant, the risk of EOS, and the potential harms associated with prolonged antibiotic therapy when making the decision to perform a lumbar puncture in preterm infants who are critically ill."
AAP_PRETERM_pg5_white-blood-cell-count_chunk1,AAP_PRETERM,4,White Blood Cell Count,,,paragraph,942,"Source: AAP_PRETERM
Section: White Blood Cell Count

The white blood cell (WBC) count, differential (immature-to-total neutrophil ratio), and absolute neutrophil count are commonly used to assess risk of EOS. Multiple clinical factors can affect the WBC count and differential, including gestational age at birth, sex, and mode of delivery. Fetal bone marrow depression attributable to maternal preeclampsia or placental insufficiency, as well as prolonged exposure to inflammatory signals (such as PROM), frequently result in abnormal values in the absence of infection. Most studies in which the performance characteristics of the complete blood cell (CBC) count in predicting infection is addressed have been focused on term infants. In 1 large multicenter study, the authors assessed the relationship between the WBC count and culture-confirmed EOS and analyzed data separately for infants born at <34 weeks’ gestation."
AAP_PRETERM_pg5_white-blood-cell-count_chunk2,AAP_PRETERM,4,White Blood Cell Count,,,paragraph,838,"Source: AAP_PRETERM
Section: White Blood Cell Count

In 1 large multicenter study, the authors assessed the relationship between the WBC count and culture-confirmed EOS and analyzed data separately for infants born at <34 weeks’ gestation. They found that all components of the CBC count lacked sensitivity for predicting EOS. The highest likelihood ratios (LRs) for EOS were associated with extreme values. A positive LR of >3 (ie, a likelihood of infection at least 3 times higher than the entire group of infants born at <34 weeks’ gestation)
was associated with a WBC count of <1000 cells per μL, an absolute neutrophil count of <1000, and an immature-to-total neutrophil ratio of >0.25. A total WBC count of >50 000 cells per μL (LR, 2.3) and a platelet count of <50 000 (LR, 2.2) had a modest relationship to EOS."
AAP_PRETERM_pg5_other-inflammatory-marke_chunk1,AAP_PRETERM,4,Other Inflammatory Markers,,,paragraph,987,"Source: AAP_PRETERM
Section: Other Inflammatory Markers

Other markers of inflammation, including C-reactive protein (CRP), procalcitonin, interleukins (soluble interleukin 2 receptor, interleukin 6, and interleukin 8), tumor necrosis factor α, and CD64 are addressed in multiple studies. Both CRP and procalcitonin concentrations increase in newborn infants in response to a variety of inflammatory stimuli, including infection, asphyxia, and pneumothorax. Procalcitonin concentrations also increase naturally over the first 24 to 36 hours after birth. Single values of CRP or procalcitonin obtained after birth to assess the risk of EOS are neither sufficiently sensitive nor specific to guide EOS care decisions. Consistently normal values of CRP and procalcitonin over the first 48 hours of age are associated with the absence of EOS, but serial abnormal values alone should not be used to extend antibiotic therapy in the absence of a culture-confirmed infection."
AAP_PRETERM_pg5_treatment-of-preterm-eos_chunk1,AAP_PRETERM,4,TREATMENT OF PRETERM EOS,,,paragraph,923,"Source: AAP_PRETERM
Section: TREATMENT OF PRETERM EOS

The microbiology of EOS in the United States is largely unchanged over the past 10 years. Authors of national surveillance studies continue to identify E coli as the most common bacteria isolated in EOS cases that occur among preterm infants, whether defined by a gestational age of <34 weeks or by a birth weight of <1500 g. Overall, E coli is isolated in approximately 50%, and GBS is isolated in approximately 20% of all EOS cases occurring among infants born at <34 weeks’
gestation. Fungal organisms are isolated in <1% of cases. Approximately 10% of cases are caused by other Gram- positive organisms (predominantly viridans group streptococci and enterococci), and approximately 20% of cases are caused by other Gram-negative organisms. S aureus (approximately 1%–2%) and L monocytogenes (approximately 1%)
are uncommon causes of preterm EOS."
AAP_PRETERM_pg5_treatment-of-preterm-eos_chunk2,AAP_PRETERM,4,TREATMENT OF PRETERM EOS,,,paragraph,968,"Source: AAP_PRETERM
Section: TREATMENT OF PRETERM EOS

Approximately 10% of cases are caused by other Gram- positive organisms (predominantly viridans group streptococci and enterococci), and approximately 20% of cases are caused by other Gram-negative organisms. S aureus (approximately 1%–2%) and L monocytogenes (approximately 1%)
are uncommon causes of preterm EOS. If an anaerobic culture is routinely performed, strict anaerobic bacteria are isolated in up to 15% of EOS cases among preterm infants with VLBW, with B fragilis being the predominant anaerobic species isolated. Ampicillin and gentamicin are the first choice for empirical therapy for EOS. This combination will be effective against GBS, most other streptococcal and enterococcal species, and L monocytogenes. Although two- thirds of E coli EOS isolates and most other Gram-negative EOS isolates are resistant to ampicillin, the majority remain sensitive to gentamicin. Extended-"
AAP_PRETERM_pg5_treatment-of-preterm-eos_chunk3,AAP_PRETERM,4,TREATMENT OF PRETERM EOS,,,paragraph,454,"Source: AAP_PRETERM
Section: TREATMENT OF PRETERM EOS

Although two- thirds of E coli EOS isolates and most other Gram-negative EOS isolates are resistant to ampicillin, the majority remain sensitive to gentamicin. Extended- spectrum, β-lactamase-producing organisms are only rarely reported among EOS cases in the United States. Therefore, the routine empirical use of broader-spectrum antibiotics is not warranted and may be harmful."
AAP_PRETERM_pg6_6_chunk1,AAP_PRETERM,5,6,,,paragraph,940,"Source: AAP_PRETERM
Section: 6

Nonetheless, 1% to 2% of E coli cases were resistant to both ampicillin and gentamicin in recent surveillance studies by the Centers for Disease Control and Prevention, and B fragilis is not uniformly sensitive to these medications. Therefore, among preterm infants who are severely ill and at the highest risk for Gram- negative EOS (such as infants with VLBW born after prolonged PROM and infants exposed to prolonged courses of antepartum antibiotic therapy), the empirical addition of broader-spectrum antibiotic therapy may be considered until culture results are available. The choice of additional therapy should be guided by local antibiotic resistance data. When EOS is confirmed by a blood culture, a lumbar puncture should be performed if not previously done. Antibiotic therapy should use the narrowest spectrum of appropriate agents once antimicrobial sensitivities are known."
AAP_PRETERM_pg6_6_chunk2,AAP_PRETERM,5,6,,,paragraph,905,"Source: AAP_PRETERM
Section: 6

Antibiotic therapy should use the narrowest spectrum of appropriate agents once antimicrobial sensitivities are known. The duration of therapy should be guided by expert references (eg, the American Academy of Pediatrics [AAP] Red Book: Report of the Committee on Infectious Diseases) and informed by the results of a CSF analysis and the achievement of sterile blood and CSF cultures. Consultation with infectious disease specialists should be considered for cases complicated by meningitis or other site-specific infections and for cases with complex antibiotic resistance patterns. When initial blood culture results are negative, antibiotic therapy should be discontinued by 36 to 48 hours of incubation, unless there is evidence of site-specific infection. Persistent common among infants with VLBW and is not alone an indication for administration."
AAP_PRETERM_pg6_6_chunk3,AAP_PRETERM,5,6,,,paragraph,564,"Source: AAP_PRETERM
Section: 6

When initial blood culture results are negative, antibiotic therapy should be discontinued by 36 to 48 hours of incubation, unless there is evidence of site-specific infection. Persistent common among infants with VLBW and is not alone an indication for administration. Continuing empirical antibiotic administration in response to laboratory test abnormalities alone is rarely justified, particularly among preterm infants born in the setting of maternal obstetric conditions known to affect fetal hematopoiesis."
AAP_PRETERM_pg6_prevention-strategies_chunk1,AAP_PRETERM,5,PREVENTION STRATEGIES,,,paragraph,1008,"Source: AAP_PRETERM
Section: PREVENTION STRATEGIES

The only proven preventive strategy for EOS is the appropriate administration of maternal intrapartum antibiotic prophylaxis. The most current recommendations from national organizations, such as the AAP, ACOG, and Centers for Disease Control and Prevention, should be followed for the administration of GBS intrapartum prophylaxis as well as for the administration of intrapartum antibiotic therapy when there is suspected or confirmed IAI. Neonatal practices are focused on the identification and empirical antibiotic treatment of preterm neonates at risk for EOS; these practices cannot prevent EOS. The empirical administration of intramuscular penicillin to all newborn infants to prevent neonatal, GBS-specific EOS is not justified and is not endorsed by the AAP. Neither GBS intrapartum antibiotic prophylaxis nor any neonatal EOS practice will prevent late-onset GBS infection or any other form of late-onset bacterial infection."
AAP_PRETERM_pg6_prevention-strategies_chunk2,AAP_PRETERM,5,PREVENTION STRATEGIES,,,paragraph,387,"Source: AAP_PRETERM
Section: PREVENTION STRATEGIES

Neither GBS intrapartum antibiotic prophylaxis nor any neonatal EOS practice will prevent late-onset GBS infection or any other form of late-onset bacterial infection. Preterm infants are particularly susceptible to late-onset GBS infection, with approximately 40% of late-onset GBS cases occurring weeks’ gestation."
AAP_PRETERM_pg6_summary-points_chunk1,AAP_PRETERM,5,SUMMARY POINTS,,,paragraph,997,"Source: AAP_PRETERM
Section: SUMMARY POINTS

1. The epidemiology, microbiology, and pathogenesis of EOS differ substantially between term infants and preterm infants with VLBW. 2.  Infants born at ≤34 6/7 weeks’
gestation can be categorized by level of risk for EOS by the circumstances of their preterm birth. o Infants born preterm by cesarean delivery because of maternal noninfectious illness or placental insufficiency in the absence of labor, attempts to induce labor, or ROM before delivery are at a relatively low risk for EOS. Depending on the clinical condition of the neonate, physicians should consider the risk/benefit balance of an EOS evaluation and empirical o Infants born preterm because of maternal cervical incompetence, preterm labor, PROM, clinical concern for IAI, or acute onset of unexplained nonreassuring fetal status are at the highest risk for EOS. Such neonates should undergo EOS evaluation with a blood culture and empirical antibiotic treatment."
AAP_PRETERM_pg6_summary-points_chunk2,AAP_PRETERM,5,SUMMARY POINTS,,,paragraph,967,"Source: AAP_PRETERM
Section: SUMMARY POINTS

Depending on the clinical condition of the neonate, physicians should consider the risk/benefit balance of an EOS evaluation and empirical o Infants born preterm because of maternal cervical incompetence, preterm labor, PROM, clinical concern for IAI, or acute onset of unexplained nonreassuring fetal status are at the highest risk for EOS. Such neonates should undergo EOS evaluation with a blood culture and empirical antibiotic treatment. o Obstetric and neonatal care providers should communicate and document the circumstances of preterm birth to facilitate EOS risk assessment among preterm infants. 3. Clinical centers should consider the development of locally appropriate written guidelines for preterm EOS risk assessment and clinical management. After guidelines are implemented, ongoing surveillance, designed to identify low-frequency adverse events and affirm efficacy, is recommended. 4."
AAP_PRETERM_pg6_summary-points_chunk3,AAP_PRETERM,5,SUMMARY POINTS,,,paragraph,701,"Source: AAP_PRETERM
Section: SUMMARY POINTS

After guidelines are implemented, ongoing surveillance, designed to identify low-frequency adverse events and affirm efficacy, is recommended. 4. The diagnosis of EOS is made by a blood or CSF culture. EOS cannot be diagnosed by laboratory tests alone, such as CBC count or CRP levels. 5. The combination of ampicillin and gentamicin is the most appropriate empirical antibiotic regimen for infants at risk for EOS. Empirical administration of additional broad-spectrum antibiotics may be indicated in preterm infants who are severely ill and at a high risk for EOS, particularly after prolonged antepartum maternal antibiotic treatment."
AAP_PRETERM_pg7_7_rec1_chunk1,AAP_PRETERM,6,7,,rec1,recommendation,516,"Source: AAP_PRETERM
Section: 7
Recommendation: rec1

Recommendation: 6. When blood cultures are sterile, antibiotic therapy should be discontinued by 36 to 48 hours of incubation, unless there is clear evidence of site-specific infection. Persistent common among preterm infants with VLBW and is not alone an indication for prolonged empirical antibiotic administration. Laboratory test abnormalities alone rarely justify administration, particularly among preterm infants at a lower risk for EOS."
NICE_pg1_using-this-guideline_chunk1,NICE,0,Using this guideline,,,paragraph,684,"Source: NICE
Section: Using this guideline

People have the right to be involved in discussions and make informed decisions about their care, as described in NICE's information about shared decision making. Parents and carers have the right to be involved in planning and making decisions about their baby's health and care, and to be given information and support to enable them to do this, as set out in the NHS Constitution and summarised in NICE's information about shared decision making. Healthcare professionals should follow our general guidelines for people delivering care:
• Babies, children and young people's experience of healthcare
• Decision making and mental capacity"
NICE_pg1_using-this-guideline_chunk2,NICE,0,Using this guideline,,,paragraph,809,"Source: NICE
Section: Using this guideline

Healthcare professionals should follow our general guidelines for people delivering care:
• Babies, children and young people's experience of healthcare
• Decision making and mental capacity • Medicines adherence
• Medicines optimisation
• Multimorbidity
• Patient experience in adult NHS services
• Shared decision making Making decisions using NICE guidelines explains how we use words to show the strength (or certainty) of our recommendations, and has information about prescribing medicines (including off-label use), professional guidelines, standards and laws (including on consent and mental capacity), and safeguarding. Throughout this guideline, unless otherwise specified, the term neonatal infection covers both early-onset and late-onset infections.
98"
NICE_pg2_carers_chunk1,NICE,1,carers,Babies at increased risk of neonatal infection,,paragraph,618,"Source: NICE
Section: carers
Topic: Babies at increased risk of neonatal infection

If clinical concerns about possible neonatal infection arise at any point:
• talk to the baby's parents and carers, explaining the reason for concern, and explain what neonatal infection is
• discuss the options for management that may be best for their baby (for example, observation, investigations or antibiotic treatment)
• do not delay treatment, but, when possible, give the baby's parents and carers time to think about the information they have been given and ask any questions they may have before making treatment decisions."
NICE_pg2_carers_chunk2,NICE,1,carers,Babies at increased risk of neonatal infection,,paragraph,1024,"Source: NICE
Section: carers
Topic: Babies at increased risk of neonatal infection

If clinical concerns about possible neonatal infection arise at any point:
• talk to the baby's parents and carers, explaining the reason for concern, and explain what neonatal infection is
• discuss the options for management that may be best for their baby (for example, observation, investigations or antibiotic treatment)
• do not delay treatment, but, when possible, give the baby's parents and carers time to think about the information they have been given and ask any questions they may have before making treatment decisions. [2021]
If giving antibiotics because of clinical concerns about possible early-onset neonatal infection or late-onset neonatal infection, discuss with parents and carers:
• the reason for the treatment
• the risks and benefits in relation to their baby's circumstances
• the observations and investigations that might be needed to guide treatment (for example, to help decide when to stop treatment)
• the"
NICE_pg2_carers_chunk3,NICE,1,carers,Babies at increased risk of neonatal infection,,paragraph,288,"Source: NICE
Section: carers
Topic: Babies at increased risk of neonatal infection

preferred antibiotic regimen (including how it will be delivered) and likely duration of treatment
• the impact, if any, on where the woman, trans man or non-binary person or their baby will be cared for."
NICE_pg2_carers_chunk4,NICE,1,carers,Babies at increased risk of neonatal infection,,paragraph,1119,"Source: NICE
Section: carers
Topic: Babies at increased risk of neonatal infection

[2021]
If giving antibiotics because of clinical concerns about possible early-onset neonatal infection or late-onset neonatal infection, discuss with parents and carers:
• the reason for the treatment
• the risks and benefits in relation to their baby's circumstances
• the observations and investigations that might be needed to guide treatment (for example, to help decide when to stop treatment)
• the preferred antibiotic regimen (including how it will be delivered) and likely duration of treatment
• the impact, if any, on where the woman, trans man or non-binary person or their baby will be cared for. [2021]
To maintain communication with a woman, trans man or non-binary person in labour whose baby is at increased risk of early-onset neonatal infection:
98

• involve the woman, trans man or non-binary person in any handover of care, either when additional expertise is brought in because of the risk of infection or during planned

changes in staff
• include an update in the handover about the presence of any infection."
NICE_pg2_carers_chunk5,NICE,1,carers,Babies at increased risk of neonatal infection,,paragraph,891,"Source: NICE
Section: carers
Topic: Babies at increased risk of neonatal infection

[2021]
To maintain communication with a woman, trans man or non-binary person in labour whose baby is at increased risk of early-onset neonatal infection:
98

• involve the woman, trans man or non-binary person in any handover of care, either when additional expertise is brought in because of the risk of infection or during planned changes in staff
• include an update in the handover about the presence of any infection. For more guidance, see the section on communication in NICE's guideline on intrapartum care. [2012]
For babies who are considered to be at increased risk of early-onset infection, inform their parents and GP about this verbally and in writing:
• when the baby is discharged from the hospital or midwifery-led unit or
• in the immediate postnatal period, if the baby was born at home."
NICE_pg2_carers_chunk6,NICE,1,carers,Babies at increased risk of neonatal infection,,paragraph,669,"Source: NICE
Section: carers
Topic: Babies at increased risk of neonatal infection

[2012]
For babies who are considered to be at increased risk of early-onset infection, inform their parents and GP about this verbally and in writing:
• when the baby is discharged from the hospital or midwifery-led unit or
• in the immediate postnatal period, if the baby was born at home. [2012]
Reassure parents and carers that babies who have or are at increased risk of neonatal infection can usually continue to breastfeed, and that every effort will be made to help with this. If a baby is temporarily unable to breastfeed, provide support with expressing breast milk if needed."
NICE_pg2_carers_chunk7,NICE,1,carers,Babies at increased risk of neonatal infection,,paragraph,1021,"Source: NICE
Section: carers
Topic: Babies at increased risk of neonatal infection

[2012]
Reassure parents and carers that babies who have or are at increased risk of neonatal infection can usually continue to breastfeed, and that every effort will be made to help with this. If a baby is temporarily unable to breastfeed, provide support with expressing breast milk if needed. [2012]
When a woman, trans man or non-binary person is identified as having group B streptococcal colonisation, bacteriuria or infection during their current pregnancy:
• advise them that if they become pregnant again:
－ that their new baby will be at increased risk of early-onset group B streptococcal infection － they should inform their maternity care team that they have had a positive group B streptococcal infection test in a previous pregnancy － their maternity care team will offer them antibiotics in labour
• inform the person's GP in writing that there is a risk of group B streptococcal infection in babies in future pregnancies."
NICE_pg2_carers_chunk8,NICE,1,carers,Babies at increased risk of neonatal infection,,paragraph,1000,"Source: NICE
Section: carers
Topic: Babies at increased risk of neonatal infection

[2012]
When a woman, trans man or non-binary person is identified as having group B streptococcal colonisation, bacteriuria or infection during their current pregnancy:
• advise them that if they become pregnant again:
－ that their new baby will be at increased risk of early-onset group B streptococcal infection － they should inform their maternity care team that they have had a positive group B streptococcal infection test in a previous pregnancy － their maternity care team will offer them antibiotics in labour
• inform the person's GP in writing that there is a risk of group B streptococcal infection in babies in future pregnancies. [2012, amended 2021]
98

For a short explanation of why the committee made the 2021 recommendations and how they might affect practice, see the rationale and impact section on information and support for parents and carers of babies at increased risk of neonatal infection."
NICE_pg2_carers_chunk9,NICE,1,carers,Babies at increased risk of neonatal infection,,paragraph,536,"Source: NICE
Section: carers
Topic: Babies at increased risk of neonatal infection

[2012, amended 2021]
98

For a short explanation of why the committee made the 2021 recommendations and how they might affect practice, see the rationale and impact section on information and support for parents and carers of babies at increased risk of neonatal infection. Full details of the evidence and the committee's discussion are in evidence review A:
information and support for parents and carers of babies with late-onset neonatal infection."
NICE_pg4_carers_chunk1,NICE,3,carers,Babies being treated for neonatal infection,,paragraph,862,"Source: NICE
Section: carers
Topic: Babies being treated for neonatal infection

Reassure parents and carers that they will be able to continue caring for and holding their baby according to their wishes, unless the baby is too ill to allow this. If the severity of the baby's illness means they need to change the way they care for the baby, discuss this with them. [2012]
Offer parents and carers contact details of organisations that provide parent support, befriending, counselling, information and advocacy. [2012]
If a baby has been treated for suspected or confirmed neonatal infection:
• advise the parents and carers about potential long-term effects of the baby's illness and likely patterns of recovery, and reassure them if no problems are anticipated
• take account of parents' and carers' concerns when providing information and planning follow-up."
NICE_pg4_carers_chunk2,NICE,3,carers,Babies being treated for neonatal infection,,paragraph,777,"Source: NICE
Section: carers
Topic: Babies being treated for neonatal infection

[2012]
If a baby has been treated for suspected or confirmed neonatal infection:
• advise the parents and carers about potential long-term effects of the baby's illness and likely patterns of recovery, and reassure them if no problems are anticipated
• take account of parents' and carers' concerns when providing information and planning follow-up. [2021]
When a baby who has had a group B streptococcal infection is discharged from hospital:
• advise the woman, trans man or non-binary person that if they become pregnant again: － that their new baby will be at increased risk of early-onset group B streptococcal infection － they should inform their maternity care team that they have had a 98"
NICE_pg5_carers_rec1_chunk1,NICE,4,carers,Babies being treated for neonatal infection,rec1,recommendation,848,"Source: NICE
Section: carers
Topic: Babies being treated for neonatal infection
Recommendation: rec1

Recommendation: previous baby with a group B streptococcal infection － their maternity care team will offer them antibiotics in labour
• inform the person's GP in writing that there is a risk of:
－ group B streptococcal infection recurrence in the baby and － group B streptococcal infection in babies in future pregnancies. [2012]
For a short explanation of why the committee made the 2021 recommendation and how it might affect practice, see the rationale and impact section on information and support for parents and carers of babies treated for neonatal infection.
Full details of the evidence and the committee's discussion are in evidence review A:
information and support for parents and carers of babies with late-onset neonatal infection."
NICE_pg5_carers_chunk1,NICE,4,carers,Babies being treated for bacterial meningitis,,paragraph,507,"Source: NICE
Section: carers
Topic: Babies being treated for bacterial meningitis

Early in the management of confirmed bacterial meningitis, discuss the following with parents and carers:
• what might happen during the course of the disease
• the uncertainty about the initial prognosis, and when they can expect to know more
• the risk of passing on the infection
• whether close contacts need to take any preventative measures (for example, for meningococcal meningitis or Haemophilus influenzae type b)."
NICE_pg5_2024_chunk1,NICE,4,[2024],,,paragraph,749,"Source: NICE
Section: [2024]

Repeat information over time and check the parents and carers understand, as they may be distressed and unable to ask questions when their baby is first diagnosed. [2024]
98

Provide emotional and pastoral support for family members and carers during hospitalisation. [2024]
For a short explanation of why the committee made these recommendations and how they might affect practice, see the rationale and impact section on information and support for parents and carers of babies being treated for bacterial meningitis.
Full details of the evidence and the committee's discussion are in evidence review J:
information for confirmed bacterial meningitis and evidence review K: support for confirmed bacterial meningitis."
NICE_pg6_2024_chunk1,NICE,5,[2024],Before transferring babies home,,paragraph,940,"Source: NICE
Section: [2024]
Topic: Before transferring babies home

Before any baby is transferred home from the hospital or midwifery-led unit (or in the immediate postnatal period in the case of babies born at home), advise parents and carers to seek urgent medical help (for example, from NHS 111, their GP, or an accident and emergency department) if they are concerned that their baby:
• is showing abnormal behaviour (for example, inconsolable crying or listlessness) or
• is unusually floppy or
• has an abnormal temperature unexplained by environmental factors (lower than 36°C or higher than 38°C) or
• has abnormal breathing (rapid breathing, difficulty in breathing or grunting) or
• has a change in skin colour (for example, where the baby becomes very pale, blue/grey or dark yellow) or
• has developed new difficulties with feeding. Give the advice both in person, and as written information and advice for them to take away."
NICE_pg6_2024_chunk2,NICE,5,[2024],Before transferring babies home,,paragraph,1176,"Source: NICE
Section: [2024]
Topic: Before transferring babies home

Before any baby is transferred home from the hospital or midwifery-led unit (or in the immediate postnatal period in the case of babies born at home), advise parents and carers to seek urgent medical help (for example, from NHS 111, their GP, or an accident and emergency department) if they are concerned that their baby:
• is showing abnormal behaviour (for example, inconsolable crying or listlessness) or
• is unusually floppy or
• has an abnormal temperature unexplained by environmental factors (lower than 36°C or higher than 38°C) or
• has abnormal breathing (rapid breathing, difficulty in breathing or grunting) or
• has a change in skin colour (for example, where the baby becomes very pale, blue/grey or dark yellow) or
• has developed new difficulties with feeding. Give the advice both in person, and as written information and advice for them to take away. [2021]
98

For a short explanation of why the committee made this

recommendation and how it might affect practice, see the rationale and impact section on information and support for parents and carers before transferring babies home."
NICE_pg6_2024_chunk3,NICE,5,[2024],Before transferring babies home,,paragraph,482,"Source: NICE
Section: [2024]
Topic: Before transferring babies home

[2021]
98

For a short explanation of why the committee made this recommendation and how it might affect practice, see the rationale and impact section on information and support for parents and carers before transferring babies home. Full details of the evidence and the committee's discussion are in evidence review A:
information and support for parents and carers of babies with late-onset neonatal infection."
NICE_pg7_been-given-antibiotics_chunk1,NICE,6,been given antibiotics,,,paragraph,314,"Source: NICE
Section: been given antibiotics

When there has been a clinical concern about neonatal infection in a baby, make a post-discharge management plan, taking into account factors such as:
• the level of the initial clinical concern
• the presence of risk factors
• parents' and carers' concerns. [2012]
98"
NICE_pg8_prevent-early-onset-neon_chunk1,NICE,7,prevent early-onset neonatal infection,,,paragraph,913,"Source: NICE
Section: prevent early-onset neonatal infection

Offer antibiotics during labour to women, trans men and non-binary people who:
• are in pre-term labour or
• have group B streptococcal colonisation, bacteriuria or infection during the current pregnancy or
• have had group B streptococcal colonisation, bacteriuria or infection in a previous pregnancy, and have not had a negative test for group B streptococcus by enrichment culture or polymerase chain reaction (PCR) on a rectovaginal swab samples collected between 35 and 37 weeks' gestation or 3 to 5 weeks before the anticipated delivery date in the current pregnancy or
• have had a previous baby with an invasive group B streptococcal infection or
• have a clinical diagnosis of chorioamnionitis. [2021]
Use table 1 on intrapartum antibiotics to decide which antibiotic to use when giving intrapartum antibiotics for neonatal infection. [2021]"
NICE_pg8_chorioamnionitis_chunk1,NICE,7,chorioamnionitis,,,table,315,"Source: NICE
Section: chorioamnionitis

Evidence Profile
• Allergies: No penicillin allergy | Women, trans men and non-binary people without chorioamnionitis: Use benzylpenicillin sodium. | Women, trans men and non-binary people with chorioamnionitis: Use benzylpenicillin sodium plus gentamicin plus metronidazole."
NICE_pg9_chorioamnionitis_chunk1,NICE,8,chorioamnionitis,,,paragraph,934,"Source: NICE
Section: chorioamnionitis

Penicillin allergy that is not severe Use cephalosporin with activity against group B streptococcus (for example, cefotaxime). Use with caution. In April 2021 this was an off-label use of cephalosporins. See NICE's information on prescribing medicines. Use cephalosporin with activity against group B streptococcus (for example, cefotaxime) plus metronidazole. Use with caution. In April 2021 this was an off-label use of cephalosporins. See NICE's information on prescribing medicines. Severe penicillin allergy Consider:
Vancomycin or An alternative antibiotic that would be expected to be active against group B streptococcus based on either sensitivity testing performed on the woman's, trans man's or non-binary person's isolate or on local antibiotic susceptibility surveillance data. In April 2021 this was an off-label use of vancomycin. See NICE's information on prescribing medicines."
NICE_pg9_chorioamnionitis_chunk2,NICE,8,chorioamnionitis,,,paragraph,983,"Source: NICE
Section: chorioamnionitis

Severe penicillin allergy Consider:
Vancomycin or An alternative antibiotic that would be expected to be active against group B streptococcus based on either sensitivity testing performed on the woman's, trans man's or non-binary person's isolate or on local antibiotic susceptibility surveillance data. In April 2021 this was an off-label use of vancomycin. See NICE's information on prescribing medicines. Consider:
Vancomycin plus gentamicin plus metronidazole or An alternative antibiotic to vancomycin that would be expected to be active against group B streptococcus based on either sensitivity testing performed on the woman's, trans man's or non-binary person's isolate or on local antibiotic susceptibility surveillance data plus gentamicin plus metronidazole. In April 2021 this was an off-label use of vancomycin. See NICE's information on prescribing medicines. If using intravenous gentamicin during labour, use once-daily dosing."
NICE_pg9_chorioamnionitis_chunk3,NICE,8,chorioamnionitis,,,paragraph,479,"Source: NICE
Section: chorioamnionitis

See NICE's information on prescribing medicines. If using intravenous gentamicin during labour, use once-daily dosing. [2021]
Give the first dose of antibiotics as soon as possible after labour starts (or as soon as infection is suspected, in the case of chorioamnionitis), and continue until the birth of the baby. [2021]
Be aware that therapeutic drug monitoring may be needed when using gentamicin or vancomycin during labour. [2021]
98"
NICE_pg9_chorioamnionitis_chunk4,NICE,8,chorioamnionitis,,,table,687,"Source: NICE
Section: chorioamnionitis

Evidence Profile
• Allergies: Penicillin allergy that is not severe | Women, trans men and non-binary people without chorioamnionitis: Use cephalosporin with activity against group B streptococcus (for example, cefotaxime). Use with caution. In April 2021 this was an off-label use of cephalosporins. See NICE's information on prescribing medicines. | Women, trans men and non-binary people with chorioamnionitis: Use cephalosporin with activity against group B streptococcus (for example, cefotaxime) plus metronidazole. Use with caution. In April 2021 this was an off-label use of cephalosporins. See NICE's information on prescribing medicines."
NICE_pg9_chorioamnionitis_chunk5,NICE,8,chorioamnionitis,,,table,653,"Source: NICE
Section: chorioamnionitis

Use with caution. In April 2021 this was an off-label use of cephalosporins. See NICE's information on prescribing medicines. • Allergies: Severe penicillin allergy | Women, trans men and non-binary people without chorioamnionitis: Consider: Vancomycin or An alternative antibiotic that would be expected to be active against group B streptococcus based on either sensitivity testing performed on the woman's, trans man's or non-binary person's isolate or on local antibiotic susceptibility surveillance data. In April 2021 this was an off-label use of vancomycin. See NICE's information on prescribing medicines."
NICE_pg9_chorioamnionitis_chunk6,NICE,8,chorioamnionitis,,,table,953,"Source: NICE
Section: chorioamnionitis

• Allergies: Severe penicillin allergy | Women, trans men and non-binary people without chorioamnionitis: Consider: Vancomycin or An alternative antibiotic that would be expected to be active against group B streptococcus based on either sensitivity testing performed on the woman's, trans man's or non-binary person's isolate or on local antibiotic susceptibility surveillance data. In April 2021 this was an off-label use of vancomycin. See NICE's information on prescribing medicines. | Women, trans men and non-binary people with chorioamnionitis: Consider: Vancomycin plus gentamicin plus metronidazole or An alternative antibiotic to vancomycin that would be expected to be active against group B streptococcus based on either sensitivity testing performed on the woman's, trans man's or non-binary person's isolate or on local antibiotic susceptibility surveillance data plus gentamicin plus metronidazole."
NICE_pg9_chorioamnionitis_chunk7,NICE,8,chorioamnionitis,,,table,569,"Source: NICE
Section: chorioamnionitis

| Women, trans men and non-binary people with chorioamnionitis: Consider: Vancomycin plus gentamicin plus metronidazole or An alternative antibiotic to vancomycin that would be expected to be active against group B streptococcus based on either sensitivity testing performed on the woman's, trans man's or non-binary person's isolate or on local antibiotic susceptibility surveillance data plus gentamicin plus metronidazole. In April 2021 this was an off-label use of vancomycin. See NICE's information on prescribing medicines."
NICE_pg10_chorioamnionitis_rec1_chunk1,NICE,9,chorioamnionitis,,rec1,recommendation,473,"Source: NICE
Section: chorioamnionitis
Recommendation: rec1

Recommendation: For a short explanation of why the committee made these recommendations and how they might affect practice, see the rationale and impact section on when to offer antibiotics during labour to prevent early-onset neonatal infection.
Full details of the evidence and the committee's discussion are in evidence review B:
intrapartum antibiotic prophylaxis for reducing early-onset neonatal infection."
NICE_pg10_onset-neonatal-infection_rec1_chunk1,NICE,9,onset neonatal infection,,rec1,recommendation,786,"Source: NICE
Section: onset neonatal infection
Recommendation: rec1

Recommendation: Offer an immediate birth (by induction of labour or caesarean birth) to women, trans men and non-binary people who are between 34 and 37 weeks' gestation who:
• have prolonged prelabour rupture of membranes and
• have group B streptococcal colonisation, bacteriuria or infection at any time in their current pregnancy. [2021]
For a short explanation of why the committee made this recommendation and how it might affect practice, see the rationale and impact section on when to offer immediate birth to prevent early-onset neonatal infection.
Full details of the evidence and the committee's discussion are in evidence review C:
timing of delivery to reduce the risk of early-onset neonatal infection."
NICE_pg10_neonatal-infection_rec1_chunk1,NICE,9,neonatal infection,,rec1,recommendation,153,"Source: NICE
Section: neonatal infection
Recommendation: rec1

Recommendation: Do not use rifampicin-miconazole-impregnated catheters for newborn babies."
NICE_pg12_onset-neonatal-infection_chunk1,NICE,11,onset neonatal infection,Identification and assessment before birth,,paragraph,342,"Source: NICE
Section: onset neonatal infection
Topic: Identification and assessment before birth

For women, trans men and non-binary people in labour, identify and assess any risk factors for early-onset neonatal infection (see box 1 on risks factors for early- onset neonatal infection). Throughout labour, monitor for any new risk factors."
NICE_pg12_box-1-risk-factors-for-e_chunk1,NICE,11,"Box 1: Risk factors for early-onset neonatal infection, including 'red flags'",,,paragraph,618,"Source: NICE
Section: Box 1: Risk factors for early-onset neonatal infection, including 'red flags'

Red flag risk factor:
• suspected or confirmed infection in another baby in the case of a multiple pregnancy Other risk factors:
• invasive group B streptococcal infection in a previous baby or maternal group B streptococcal colonisation, bacteriuria or infection in the current pregnancy
• pre-term birth following spontaneous labour before 37 weeks' gestation
• confirmed rupture of membranes for more than 18 hours before a pre-term birth
• confirmed rupture of membranes for more than 24 hours before a term birth"
NICE_pg12_period-2021-amended-2026_chunk1,NICE,11,"period [2021, amended 2026]",,,paragraph,517,"Source: NICE
Section: period [2021, amended 2026]

• suspected or confirmed chorioamnionitis [2021, amended 2026]
98

For a short explanation of why the committee made these recommendations and how they might affect practice, see the rationale and impact section on identification and assessment of risk factors for early-onset neonatal infection before birth.
Full details of the evidence and the committee's discussion are in evidence review D:
maternal and neonatal risk factors for early-onset neonatal infection."
NICE_pg13_period-2021-amended-2026_chunk1,NICE,12,"period [2021, amended 2026]",Assessment and risk management after birth,,paragraph,993,"Source: NICE
Section: period [2021, amended 2026]
Topic: Assessment and risk management after birth

If there are any risk factors for early-onset neonatal infection (see box 1 on risk- factors for early-onset neonatal infection), or if there are clinical indicators of possible early-onset neonatal infection (see box 2 on clinical indicators of possible early-onset neonatal infection):
• perform an immediate clinical assessment
• review the maternal and neonatal history
• carry out a physical examination of the baby, including an assessment of vital signs. [2021]
If group B streptococcus infection is identified in the woman, trans man or non- binary person within 72 hours after the baby's birth:
• ask those directly involved in the baby's care (for example, a parent, carer, or healthcare professional) whether they have any concerns in relation to the clinical indicators listed in box 2 and
• identify any other risk factors present and
• look for clinical indicators of infection."
NICE_pg13_period-2021-amended-2026_chunk2,NICE,12,"period [2021, amended 2026]",Assessment and risk management after birth,,paragraph,718,"Source: NICE
Section: period [2021, amended 2026]
Topic: Assessment and risk management after birth

[2021]
If group B streptococcus infection is identified in the woman, trans man or non- binary person within 72 hours after the baby's birth:
• ask those directly involved in the baby's care (for example, a parent, carer, or healthcare professional) whether they have any concerns in relation to the clinical indicators listed in box 2 and
• identify any other risk factors present and
• look for clinical indicators of infection. Use this assessment to decide on clinical management (see recommendation

98

Box 2: Clinical indicators of possible early-onset neonatal infection (observations and events in the baby),"
NICE_pg14_including-red-flags_chunk1,NICE,13,including 'red flags',,,paragraph,991,"Source: NICE
Section: including 'red flags'

Red flag clinical indicators:
• apnoea (temporary stopping of breathing)
• seizures
• need for cardiopulmonary resuscitation
• need for mechanical ventilation
• signs of shock Other clinical indicators:
• altered behaviour or responsiveness
• altered muscle tone (for example, floppiness)
• feeding difficulties (for example, feed refusal)
• feed intolerance, including vomiting, excessive gastric aspirates and abdominal distension
• abnormal heart rate (bradycardia or tachycardia)
• signs of respiratory distress (including grunting, recession, tachypnoea)
• hypoxia (for example, central cyanosis or reduced oxygen saturation level)
• persistent pulmonary hypertension of newborns
• jaundice within 24 hours of birth
• signs of neonatal encephalopathy
• temperature abnormality (lower than 36°C or higher than 38°C) unexplained by environmental factors
• unexplained excessive bleeding, thrombocytopenia, or abnormal coagulation 98

• altered"
NICE_pg14_including-red-flags_chunk2,NICE,13,including 'red flags',,,paragraph,771,"Source: NICE
Section: including 'red flags'

glucose homeostasis (hypoglycaemia or hyperglycaemia)
• metabolic acidosis (base deficit of 10 mmol/litre or greater)
Use the following framework, based on the risk factors in box 1 and the clinical indicators in box 2, to make antibiotic management decisions as directed:
• In babies with any red flag, or with 2 or more 'non-red-flag' risk factors or clinical indicators:
－ follow the recommendations in the section on investigations before starting antibiotics and － start antibiotic treatment according to the recommendations in this guideline and － do not wait for the test results before starting antibiotics
• in babies without red flags and only 1 risk factor or 1 clinical indicator, use clinical judgement to decide:"
NICE_pg14_including-red-flags_chunk3,NICE,13,including 'red flags',,,paragraph,420,"Source: NICE
Section: including 'red flags'

－ whether it is safe to withhold antibiotics and － whether the baby's vital signs and clinical condition need to be monitored. If monitoring is needed, continue for at least 12 hours using a newborn early warning system
• for babies without risk factors or clinical indicators of possible infection, continue routine postnatal care as covered in NICE's guideline on postnatal"
NICE_pg15_care-2021_rec1_chunk1,NICE,14,care. [2021],,rec1,recommendation,991,"Source: NICE
Section: care. [2021]
Recommendation: rec1

Recommendation: The Kaiser Permanente neonatal sepsis calculator can be used as an alternative to the framework outlined in recommendation 1.10.3 for babies born after 34+0 weeks of pregnancy who are being cared for in a neonatal unit, transitional care or postnatal ward. It should only be used if it is part of a prospective audit, which should record:
• total number of babies assessed using the calculator 98

• number of babies correctly identified by the calculator who develop a culture-confirmed neonatal infection
• number of babies incorrectly identified by the calculator who do not develop a culture-confirmed neonatal infection
• number of babies missed by the calculator who develop a culture-confirmed neonatal infection. [2021]
If using the Kaiser Permanente neonatal sepsis calculator to assess the risk of early-onset neonatal infection, use the classification given by the calculator to direct management decisions."
NICE_pg15_care-2021_rec1_chunk2,NICE,14,care. [2021],,rec1,recommendation,762,"Source: NICE
Section: care. [2021]
Recommendation: rec1

[2021]
If using the Kaiser Permanente neonatal sepsis calculator to assess the risk of early-onset neonatal infection, use the classification given by the calculator to direct management decisions. [2021]
For a short explanation of why the committee made these recommendations and how they might affect practice, see the rationale and impact section on assessing and managing the risk of early-onset neonatal infection after birth. Full details of the evidence and the committee's discussion are in evidence review D:
maternal and neonatal risk factors for early-onset neonatal infection and evidence review D2: timing of prelabour rupture of membranes to birth and risk of early-onset neonatal infection."
NICE_pg16_neonatal-infection_rec1_chunk1,NICE,15,neonatal infection,,rec1,recommendation,619,"Source: NICE
Section: neonatal infection
Recommendation: rec1

Recommendation: In babies being monitored for possible early-onset neonatal infection:
• Consider starting antibiotic treatment (see the section on investigations before starting antibiotics for next steps).
• If no further concerns arise during observation reassure the family and, if the baby is to be discharged, give information and advice to the parents and carers (see the sections on information and support for parents and carers before transferring babies home and post discharge planning for babies who have not been given antibiotics). [2021]
98"
NICE_pg18_onset-neonatal-infection_chunk1,NICE,17,onset neonatal infection,Assessing or reviewing babies,,paragraph,1014,"Source: NICE
Section: onset neonatal infection
Topic: Assessing or reviewing babies

When assessing or reviewing a baby:
• check for possible clinical indicators of late-onset neonatal infection as shown in table 2 on clinical indicators of possible late-onset neonatal infection
• take into account that prematurity, mechanical ventilation, history of surgery and presence of a central catheter are associated with greater risk of late- onset neonatal infection
• think about infection in the other babies when 1 baby from a multiple birth has infection. [2021]
Seek early advice from a paediatrician when late-onset infection is suspected in non-inpatient settings. [2021]
Refer to NICE's guidelines on fever in under 5s and suspected sepsis in under 16s when assessing babies for late-onset neonatal infection who have been admitted to the hospital from home. [2021]
Be aware that some pulse oximeters can underestimate or overestimate oxygen saturation levels, especially if the saturation level is borderline."
NICE_pg18_onset-neonatal-infection_chunk2,NICE,17,onset neonatal infection,Assessing or reviewing babies,,paragraph,419,"Source: NICE
Section: onset neonatal infection
Topic: Assessing or reviewing babies

[2021]
Be aware that some pulse oximeters can underestimate or overestimate oxygen saturation levels, especially if the saturation level is borderline. Overestimation has been reported in people with dark skin. See also the NHS England Patient Safety Alert on the risk of harm from inappropriate placement of pulse oximeter probes.
98"
NICE_pg19_indicators_chunk1,NICE,18,Indicators,,,paragraph,977,"Source: NICE
Section: Indicators

Behaviour Parent or care-giver concern for change in behaviour Appears ill to a healthcare professional Does not wake, or if roused does not stay awake Weak high-pitched or continuous cry Respiratory Raised respiratory rate: 60 breaths per minute or more Grunting Apnoea Oxygen saturation of less than 90% in air or increased oxygen requirement over baseline Circulation and hydration Persistent tachycardia: heart rate 160 beats per minute or more Persistent bradycardia: heart rate less than 100 beats per minute Skin Mottled or ashen appearance Cyanosis of skin, lips or tongue Non-blanching rash of skin Other Temperature 38°C or more unexplained by environmental factors Temperature less than 36°C unexplained by environmental factors Alterations in feeding pattern Abdominal distension Seizures Bulging fontanelle This table has been adapted from the high-risk criteria in table 1 of NICE's guideline on suspected sepsis in under 16s.
98"
NICE_pg19_indicators_chunk2,NICE,18,Indicators,,,table,885,"Source: NICE
Section: Indicators

Evidence Profile
• Behaviour: Parent or care-giver concern for change in behaviour Appears ill to a healthcare professional Does not wake, or if roused does not stay awake Weak high-pitched or continuous cry
• Respiratory: Raised respiratory rate: 60 breaths per minute or more Grunting Apnoea Oxygen saturation of less than 90% in air or increased oxygen requirement over baseline
• Circulation and hydration: Persistent tachycardia: heart rate 160 beats per minute or more Persistent bradycardia: heart rate less than 100 beats per minute
• Skin: Mottled or ashen appearance Cyanosis of skin, lips or tongue Non-blanching rash of skin
• Other: Temperature 38°C or more unexplained by environmental factors Temperature less than 36°C unexplained by environmental factors Alterations in feeding pattern Abdominal distension Seizures Bulging fontanelle"
NICE_pg21_infection_chunk1,NICE,20,infection,,,paragraph,471,"Source: NICE
Section: infection

NICE has published early value assessment guidance on Genedrive MT-RNR1 ID Kit for detecting the MT-RNR1 m.1555A>G genetic variant to guide use of aminoglycoside antibiotics (including gentamicin) and prevent hearing loss in babies. This technology can be used in the NHS, while more evidence is generated. The guidance will be reviewed after the generation period (3 years). See NICE's early value assessment on Genedrive MT-RNR1 ID kit."
NICE_pg21_infection_chunk2,NICE,20,infection,"Cultures, microscopy and C-reactive protein",,paragraph,1012,"Source: NICE
Section: infection
Topic: Cultures, microscopy and C-reactive protein

When starting antibiotic treatment in babies who may have neonatal infection, perform a blood culture before giving the first dose. [2021]
Measure baseline C-reactive protein concentration when starting antibiotic treatment in babies who may have neonatal infection. Use this together with any subsequent readings to assess the likelihood of infection and response to treatment. [2021]
Do not routinely perform urine microscopy or culture as part of the investigations for early-onset neonatal infection, or late-onset neonatal infection for babies in neonatal units. [2021]
Perform urine microscopy and culture for babies with suspected late-onset neonatal infection outside of neonatal units in line with NICE's guideline on urinary tract infection in under 16s. [2021]
Do not perform skin swab microscopy or culture as part of the investigations for neonatal infection if there are no clinical signs of a localised infection."
NICE_pg21_infection_chunk3,NICE,20,infection,"Cultures, microscopy and C-reactive protein",,paragraph,641,"Source: NICE
Section: infection
Topic: Cultures, microscopy and C-reactive protein

[2021]
Do not perform skin swab microscopy or culture as part of the investigations for neonatal infection if there are no clinical signs of a localised infection. [2021]
98

For a short explanation of why the committee made these recommendations and how they might affect practice, see the rationale and impact section on cultures, microscopy and C-reactive protein before starting antibiotics. Full details of the evidence and the committee's discussion are in evidence review G:
investigations before starting treatment for late-onset neonatal infection."
NICE_pg22_infection_chunk1,NICE,21,infection,Lumbar puncture,,paragraph,901,"Source: NICE
Section: infection
Topic: Lumbar puncture

If it is safe to do so, perform a lumbar puncture to obtain a cerebrospinal fluid sample when:
• there is a strong clinical suspicion of neonatal infection or
• there are clinical symptoms or signs suggesting meningitis. [2021]
Treat and stabilise any of the following before performing a lumbar puncture:
• unprotected airway
• respiratory compromise
• shock
• uncontrolled seizures
• bleeding risk. [2024]
Do not perform lumbar puncture if there is:
• extensive or rapidly spreading purpura
• infection at the lumbar puncture site
• risk factors for an evolving space-occupying lesion
• any of these symptoms or signs, which might indicate raised intracranial pressure:
98

－ new focal neurological features (including seizures or posturing)
－ abnormal pupillary reactions － a progressive and sustained or rapid fall in level of consciousness."
NICE_pg23_2024_chunk1,NICE,22,[2024],,,paragraph,636,"Source: NICE
Section: [2024]

Measure blood glucose in babies immediately before lumbar puncture, so that the cerebrospinal fluid to blood glucose ratio can be calculated. [2024]
For a short explanation of why the committee made the 2021 and 2024 recommendations and how they might affect practice, see the rationale and impact section on lumbar puncture.
Full details of the evidence and the committee's discussion are in evidence review G:
investigations before starting treatment for late-onset neonatal infection and evidence review L: investigating and diagnosing suspected bacterial meningitis with cerebrospinal fluid parameters."
NICE_pg23_bacterial-meningitis_chunk1,NICE,22,bacterial meningitis,,,paragraph,984,"Source: NICE
Section: bacterial meningitis

Perform the following cerebrospinal fluid investigations in babies with suspected bacterial meningitis:
• red and white cell count and cell type (including differential white cell count)
• total protein
• glucose concentration (to calculate cerebrospinal fluid to blood glucose ratio)
• microscopy for bacteria (using gram stain)
• microbiological culture and sensitivities
• polymerase chain reaction (PCR) for relevant pathogens. [2024]
Store the remaining cerebrospinal fluid in case more tests are needed. [2024]
98

Ensure that cerebrospinal fluid, cell counts, total protein and glucose concentrations are available within 4 hours of lumbar puncture. [2024]
When interpreting the results of cerebrospinal fluid investigations, take into account:
• red cells in the sample, which may suggest blood contamination or a different diagnosis
• whether earlier antibiotics may have reduced the diagnostic reliability of these investigations."
NICE_pg23_bacterial-meningitis_chunk2,NICE,22,bacterial meningitis,,,paragraph,839,"Source: NICE
Section: bacterial meningitis

[2024]
When interpreting the results of cerebrospinal fluid investigations, take into account:
• red cells in the sample, which may suggest blood contamination or a different diagnosis
• whether earlier antibiotics may have reduced the diagnostic reliability of these investigations. [2024]
Interpret cerebrospinal fluid results using standard age-appropriate threshold values (taking into account factors such as gestational age, chronological age, birth weight, and earlier antibiotic use or suspected immunodeficiency). [2024]
Interpret cerebrospinal fluid results in babies alongside the clinical presentation and maternal history. [2024]
If cerebrospinal fluid results are abnormal, consider alternative viral, mycobacterial, fungal or non-infectious causes as well as bacterial meningitis."
NICE_pg24_2024_chunk1,NICE,23,[2024],,,paragraph,445,"Source: NICE
Section: [2024]

For a short explanation of why the committee made these recommendations and how they might affect practice, see the rationale and impact section on cerebrospinal fluid investigations in babies with suspected bacterial meningitis.
Full details of the evidence and the committee's discussion are in evidence review L:
investigating and diagnosing suspected bacterial meningitis with cerebrospinal fluid parameters.
98"
NICE_pg25_infection_chunk1,NICE,24,infection,Principles guiding antibiotic decisions,,paragraph,855,"Source: NICE
Section: infection
Topic: Principles guiding antibiotic decisions

Do not routinely give antibiotic treatment to babies without risk factors for infection or clinical indicators or laboratory evidence of possible infection. [2012]
If a baby needs antibiotic treatment, give this as soon as possible and always within 1 hour of the decision to treat. [2021]
Do not use C-reactive protein results alone to make decisions about starting, continuing or stopping antibiotics. [2026]
Regularly reassess the clinical condition and results of investigations in babies receiving antibiotics. Consider whether to change the antibiotic regimen, taking account of:
• the baby's clinical condition (for example, if there is no improvement)
• the results of microbiological investigations
• expert microbiological advice, including local surveillance data."
NICE_pg25_infection_chunk2,NICE,24,infection,Principles guiding antibiotic decisions,,paragraph,717,"Source: NICE
Section: infection
Topic: Principles guiding antibiotic decisions

Consider whether to change the antibiotic regimen, taking account of:
• the baby's clinical condition (for example, if there is no improvement)
• the results of microbiological investigations
• expert microbiological advice, including local surveillance data. [2012]
For a short explanation of why the committee made the 2026 recommendation and how it might affect practice, see the rationale and impact section on principles guiding antibiotic decisions. Full details of the evidence and the committee's discussion are in evidence review R:
switching from intravenous to oral antibiotics for suspected early-onset neonatal infection. 98"
NICE_pg26_infection_rec1_chunk1,NICE,25,infection,Service and staffing requirements,rec1,recommendation,828,"Source: NICE
Section: infection
Topic: Service and staffing requirements
Recommendation: rec1

Recommendation: Consider establishing hospital systems to provide blood culture results 36 hours after starting antibiotics for early-onset neonatal infection, to allow timely stopping of treatment and discharge from hospital. [2012]
Healthcare professionals with specific experience in neonatal infection should be available every day to give clinical microbiology or paediatric infectious disease advice. [2021]
For a short explanation of why the committee made the 2021 recommendation and how it might affect practice, see the rationale and impact section on infectious disease advice.
Full details of the evidence and the committee's discussion are in evidence review H:
antibiotics for treating late-onset neonatal infection.
98"
NICE_pg27_for-early-onset-or-late-_rec1_chunk1,NICE,26,for early-onset or late-onset infection,C-reactive protein and lumbar puncture,rec1,recommendation,867,"Source: NICE
Section: for early-onset or late-onset infection
Topic: C-reactive protein and lumbar puncture
Recommendation: rec1

Recommendation: In babies given antibiotics because of risk factors for infection or clinical indicators of possible late-onset neonatal infection, measure the C reactive protein concentration 18 to 24 hours after starting antibiotics. [2021]
Consider performing a lumbar puncture to obtain a cerebrospinal fluid sample in a baby who did not have a lumbar puncture at presentation who is receiving antibiotics, if it is thought safe to do so and if:
• the baby has a positive blood culture (other than coagulase negative staphylococcus) or
• the baby does not respond satisfactorily to antibiotic treatment, or
• there is a strong clinical suspicion of infection or
• there are clinical symptoms or signs suggesting meningitis. [2021]
98"
NICE_pg28_specific-infections_chunk1,NICE,27,specific infections,Eye infections,,paragraph,550,"Source: NICE
Section: specific infections
Topic: Eye infections

Be aware that, although minor conjunctivitis with encrusted eyelids is common and often benign, a purulent discharge may indicate a serious infection (for example, with chlamydia or gonococcus). [2012]
In babies with a purulent eye discharge take swab samples urgently for microbiological investigation, using methods that can detect chlamydia and gonococcus. Start systemic antibiotic treatment for possible gonococcal infection while waiting for the swab microbiology results. [2012]"
NICE_pg28_specific-infections_chunk2,NICE,27,specific infections,Umbilical infections,,paragraph,705,"Source: NICE
Section: specific infections
Topic: Umbilical infections

In babies with clinical signs of umbilical infection, such as a purulent discharge or signs of periumbilical cellulitis (for example, redness, increased skin warmth or swelling):
• perform a blood culture and
• take a swab sample for microscopy and culture and
• start antibiotic treatment with intravenous flucloxacillin and gentamicin (for starting dose of gentamicin, see recommendation 1.20.3 in the section on choice and dosage of intravenous antibiotics for suspected early-onset neonatal infection).
If the microbiology results show that the infection is not caused by a Gram- negative bacterium, stop the gentamicin. [2012]
98"
NICE_pg29_infection_rec1_chunk1,NICE,28,infection,Choice and dosage of intravenous antibiotics,rec1,recommendation,701,"Source: NICE
Section: infection
Topic: Choice and dosage of intravenous antibiotics
Recommendation: rec1

Recommendation: Use intravenous benzylpenicillin sodium with gentamicin as the first-choice antibiotic regimen for empirical treatment of suspected early-onset infection, unless microbiological surveillance data show local bacterial resistance patterns that indicate the need for a different antibiotic. [2012]
Give benzylpenicillin sodium in a dosage of 25 mg/kg every 12 hours. Consider shortening the dose interval to every 8 hours, based on clinical judgement (for example, if the baby appears very ill). [2012]
Give gentamicin in a starting dose of 5 mg/kg (see also recommendation 1.20.4)."
NICE_pg29_2012_rec1_chunk1,NICE,28,[2012],,rec1,recommendation,648,"Source: NICE
Section: [2012]
Recommendation: rec1

Recommendation: When prescribing gentamicin, be aware that:
• the summary of product characteristics recommends a dosage of 4 to 7 mg/ kg/day administered in a single dose
• the evidence reviewed for the guideline supports a starting dosage of 5 mg/ kg every 36 hours administered in a single dose.
In 2021, a dosage of 5 mg/kg every 36 hours is an off-label use of gentamicin. See NICE's information on prescribing medicines. [2012]
If a second dose of gentamicin is given this should usually be 36 hours after the first dose (for criteria for stopping antibiotics at 36 hours, see recommendation"
NICE_pg29_2012_chunk1,NICE,28,[2012],in the section on treatment duration for intravenous antibiotics for early-,,paragraph,509,"Source: NICE
Section: [2012]
Topic: in the section on treatment duration for intravenous antibiotics for early-

onset neonatal infection). Use a shorter interval if clinical judgement suggests this is needed, for example, if:
• the baby appears very ill 98

• the blood culture shows a Gram-negative infection. [2012]
Take account of blood gentamicin concentrations when deciding on subsequent gentamicin dosing regimen (see the section on therapeutic drug monitoring for babies receiving gentamicin). [2012]"
NICE_pg30_2012_chunk1,NICE,29,[2012],Record the times of:,,paragraph,432,"Source: NICE
Section: [2012]
Topic: Record the times of:

• gentamicin administration
• sampling for therapeutic monitoring. [2012]
If there is microbiological evidence of Gram-negative bacterial sepsis, add another antibiotic to the benzylpenicillin sodium and gentamicin regimen that is active against Gram-negative bacteria (for example, cefotaxime). If Gram- negative infection is confirmed, stop benzylpenicillin sodium. [2012]"
NICE_pg30_2012_rec1_chunk1,NICE,29,[2012],Treatment duration for intravenous antibiotics,rec1,recommendation,642,"Source: NICE
Section: [2012]
Topic: Treatment duration for intravenous antibiotics
Recommendation: rec1

Recommendation: Give intravenous antibiotic treatment for a total of 7 days for babies with a positive blood culture or negative blood culture if sepsis has been strongly suspected. [2012]
Consider continuing intravenous antibiotic treatment for more than 7 days for babies with a positive blood culture or negative blood culture if sepsis has been strongly suspected, if:
• the baby has not yet fully recovered or
• this is advisable because of the pathogen identified on blood culture (seek expert microbiological advice if necessary)."
NICE_pg30_2012_rec1_chunk2,NICE,29,[2012],Treatment duration for intravenous antibiotics,rec1,recommendation,1010,"Source: NICE
Section: [2012]
Topic: Treatment duration for intravenous antibiotics
Recommendation: rec1

[2012]
Consider continuing intravenous antibiotic treatment for more than 7 days for babies with a positive blood culture or negative blood culture if sepsis has been strongly suspected, if:
• the baby has not yet fully recovered or
• this is advisable because of the pathogen identified on blood culture (seek expert microbiological advice if necessary). [2012]
For babies who are being treated with intravenous antibiotics because of risk factors for early-onset infection or clinical indicators of possible infection, stop antibiotics at 36 hours if:
• the blood culture is negative and 98

• the initial clinical suspicion of infection was not strong and
• the baby's clinical condition is reassuring, with no clinical indicators of possible infection (see box 2 for clinical indicators of possible early-onset infection) and
• the levels and trends of C-reactive protein concentration are reassuring."
NICE_pg31_2012-amended-2026_chunk1,NICE,30,"[2012, amended 2026]",,,paragraph,414,"Source: NICE
Section: [2012, amended 2026]

When continuing intravenous antibiotics for longer than 36 hours despite negative blood cultures, review the need for ongoing antibiotics at least once every 24 hours, taking account of:
• the level of initial clinical suspicion of infection and
• the baby's clinical progress and current condition and
• the levels and trends of C-reactive protein concentration. [2012]"
NICE_pg31_2012-amended-2026_chunk2,NICE,30,"[2012, amended 2026]",Switching to oral antibiotics,,paragraph,979,"Source: NICE
Section: [2012, amended 2026]
Topic: Switching to oral antibiotics

For babies born from 35+0 weeks' gestation with negative blood culture who need antibiotics for more than 36 hours because the initial clinical suspicion of infection was strong, consider switching treatment from intravenous to oral antibiotics at 36 hours or thereafter to complete the course (up to 7 days of antibiotics in total) if:
• the baby's clinical condition is reassuring, with no current clinical indicators of ongoing infection (see box 2 for clinical indicators of possible early-onset neonatal infection) and
• the levels and trends of C-reactive protein concentration are reassuring and
• the baby is tolerating oral feeds. [2026]
Use amoxicillin as the oral antibiotic, unless local bacterial resistance data indicates the need for a different antibiotic. May 2026: Amoxicillin is licensed for neonates but not specifically for the 98

indication of early-onset neonatal infection."
NICE_pg31_2012-amended-2026_chunk3,NICE,30,"[2012, amended 2026]",Switching to oral antibiotics,,paragraph,567,"Source: NICE
Section: [2012, amended 2026]
Topic: Switching to oral antibiotics

Amoxicillin is licensed for neonates but not specifically for the 98

indication of early-onset neonatal infection. BNF for Children is reviewing the recommended dosage for neonates. [2026]
Consider enabling parents or carers to treat babies on oral antibiotics at home with support from the neonatal team. [2026]
Ensure that any decisions on switching to oral antibiotics or enabling a baby to go home is agreed by a senior neonatologist or paediatrician (consultant or similar level)."
NICE_pg31_2012-amended-2026_chunk4,NICE,30,"[2012, amended 2026]",Switching to oral antibiotics,,paragraph,1029,"Source: NICE
Section: [2012, amended 2026]
Topic: Switching to oral antibiotics

[2026]
Ensure that any decisions on switching to oral antibiotics or enabling a baby to go home is agreed by a senior neonatologist or paediatrician (consultant or similar level). [2026]
Before parents or carers take a baby on oral antibiotics home, ensure that:
• they have been trained to give the baby oral antibiotics, and have given them their first dose under supervision while in hospital
• they know when and how to seek medical help from the neonatal team (for signs in babies that require medical attention, see the section on information and support for parents and carers before transferring babies home)
• any concerns they have raised are addressed
• there are no other reasons for the baby to stay in hospital. [2026]
For parents and carers of babies on oral antibiotics, provide at least 2 follow-up consultations to assess the baby's wellbeing and the need for ongoing antibiotics, including 1 consultation at the end of treatment."
NICE_pg31_2012-amended-2026_chunk5,NICE,30,"[2012, amended 2026]",Switching to oral antibiotics,,paragraph,728,"Source: NICE
Section: [2012, amended 2026]
Topic: Switching to oral antibiotics

[2026]
For parents and carers of babies on oral antibiotics, provide at least 2 follow-up consultations to assess the baby's wellbeing and the need for ongoing antibiotics, including 1 consultation at the end of treatment. [2026]
For a short explanation of why the committee made these recommendations and how they might affect practice, see the rationale and impact section on switching treatment to oral antibiotics for babies with early-onset neonatal infection. Full details of the evidence and the committee's discussion are in evidence review R:
switching from intravenous to oral antibiotics for suspected early-onset neonatal infection. 98"
NICE_pg33_infection_chunk1,NICE,32,infection,Choice of antibiotics,,paragraph,985,"Source: NICE
Section: infection
Topic: Choice of antibiotics

For babies with suspected late-onset neonatal infection who are already in a neonatal unit:
• give a combination of narrow-spectrum antibiotics (such as intravenous flucloxacillin plus gentamicin) as first-line treatment
• use local antibiotic susceptibility and resistance data (or national data if local data are inadequate) when deciding which antibiotics to use
• give antibiotics that are effective against both Gram-negative and Gram- positive bacteria
• if necrotising enterocolitis is suspected, also include an antibiotic that is active against anaerobic bacteria (such as metronidazole). [2021]
For babies with suspected late-onset neonatal infection or meningitis who have been admitted from home, treat according to recommendations 1.8.6 and 1.8.7 in NICE's guideline on suspected sepsis in under 16s. [2021]
When using gentamicin, see the section on therapeutic drug monitoring for babies receiving gentamicin."
NICE_pg33_infection_chunk2,NICE,32,infection,Choice of antibiotics,,paragraph,744,"Source: NICE
Section: infection
Topic: Choice of antibiotics

[2021]
For babies with suspected late-onset neonatal infection or meningitis who have been admitted from home, treat according to recommendations 1.8.6 and 1.8.7 in NICE's guideline on suspected sepsis in under 16s. [2021]
When using gentamicin, see the section on therapeutic drug monitoring for babies receiving gentamicin. [2021]
For a short explanation of why the committee made these recommendations and how they might affect practice, see the rationale and impact section on choice of antibiotics for late-onset neonatal infection. Full details of the evidence and the committee's discussion are in evidence review H:
antibiotics for treating late-onset neonatal infection. 98"
NICE_pg34_treatment_rec1_chunk1,NICE,33,treatment,,rec1,recommendation,469,"Source: NICE
Section: treatment
Recommendation: rec1

Recommendation: For babies given antibiotics because of suspected late-onset infection, consider stopping the antibiotics at 48 hours if:
• the blood culture is negative and
• the initial clinical suspicion of infection was not strong and
• the baby's clinical condition is reassuring, with no clinical indicators of possible infection and
• the levels and trends of C‑reactive protein concentration are reassuring."
NICE_pg34_2021_chunk1,NICE,33,[2021],,,paragraph,396,"Source: NICE
Section: [2021]

For a short explanation of why the committee made this recommendation and how it might affect practice, see the rationale and impact section on decisions 48 hours after starting antibiotics for late-onset neonatal infection.
Full details of the evidence and the committee's discussion are in evidence review H:
antibiotics for treating late-onset neonatal infection."
NICE_pg34_2021_rec1_chunk1,NICE,33,[2021],Treatment duration,rec1,recommendation,897,"Source: NICE
Section: [2021]
Topic: Treatment duration
Recommendation: rec1

Recommendation: Give antibiotic treatment for 7 days for babies with a positive blood culture. Consider continuing antibiotic treatment for more than 7 days if:
• the baby has not yet fully recovered or
• longer treatment is needed because of the pathogen identified on blood culture (for example, Gram-negative bacteria or Staphylococcus aureus; seek expert microbiological advice if necessary) or
• longer treatment is needed because of the site of the infection (such as intra- abdominal co-pathology, necrotising enterocolitis, osteomyelitis or infection of a central venous catheter). [2021]
98

Use a shorter treatment duration than 7 days when the baby makes a prompt recovery, and either no pathogen is identified or the pathogen identified is a common commensal (for example, coagulase negative staphylococcus)."
NICE_pg34_2021_rec1_chunk2,NICE,33,[2021],Treatment duration,rec1,recommendation,865,"Source: NICE
Section: [2021]
Topic: Treatment duration
Recommendation: rec1

[2021]
98

Use a shorter treatment duration than 7 days when the baby makes a prompt recovery, and either no pathogen is identified or the pathogen identified is a common commensal (for example, coagulase negative staphylococcus). [2021]
If continuing antibiotics for longer than 48 hours for suspected late‑onset neonatal infection despite negative blood culture, review the baby at least once every 24 hours. At each review, decide whether to stop antibiotics, taking account of:
• the level of initial clinical suspicion of infection and
• the baby's clinical progress and current condition and
• the levels and trends of C-reactive protein. [2021]
For guidance on treatment duration for suspected or confirmed meningitis, refer to the section on meningitis (babies in neonatal units)."
NICE_pg34_2021_rec1_chunk3,NICE,33,[2021],Treatment duration,rec1,recommendation,579,"Source: NICE
Section: [2021]
Topic: Treatment duration
Recommendation: rec1

[2021]
For guidance on treatment duration for suspected or confirmed meningitis, refer to the section on meningitis (babies in neonatal units). [2021]
For a short explanation of why the committee made these recommendations and how they might affect practice, see the rationale and impact section on duration of antibiotics for late-onset neonatal infection. Full details of the evidence and the committee's discussion are in evidence review H:
antibiotics for treating late-onset neonatal infection. 98"
NICE_pg36_neonatal-infection_chunk1,NICE,35,neonatal infection,When to give antifungals,,paragraph,939,"Source: NICE
Section: neonatal infection
Topic: When to give antifungals

Give prophylactic oral nystatin to babies treated with antibiotics for suspected late-onset neonatal bacterial infection if they:
• have a birthweight of up to 1,500 g or
• were born at less than 30 weeks' gestation.
If oral administration of nystatin is not possible, give intravenous fluconazole.
In April 2021, this was an off-label use of fluconazole. See NICE's information on prescribing medicines and use clinical judgement to determine the dosage. [2021]
For a short explanation of why the committee made this recommendation and how it might affect practice, see the rationale and impact section on antifungals to prevent fungal infection during antibiotic treatment for late-onset neonatal infection.
Full details of the evidence and the committee's discussion are in evidence review I:
antifungal prophylaxis for treating late-onset neonatal infection.
98"
NICE_pg37_late-onset-infection-in-_chunk1,NICE,36,late-onset infection in neonatal units,Antibiotic treatment,,paragraph,321,"Source: NICE
Section: late-onset infection in neonatal units
Topic: Antibiotic treatment

If a baby is in a neonatal unit and meningitis is suspected but the causative pathogen is unknown (for example, because the cerebrospinal fluid Gram stain is uninformative), treat with intravenous amoxicillin and cefotaxime. [2012,"
NICE_pg37_amended-2021_chunk1,NICE,36,amended 2021],,,paragraph,557,"Source: NICE
Section: amended 2021]

If a baby is in a neonatal unit and meningitis is shown (by either cerebrospinal fluid Gram stain or culture) to be caused by Gram-negative infection, stop amoxicillin and treat with cefotaxime alone. [2012, amended 2021]
If a baby is in a neonatal unit and meningitis is shown (by cerebrospinal fluid Gram stain) to be caused by a Gram-positive bacterium:
• continue treatment with intravenous amoxicillin and cefotaxime while waiting for the cerebrospinal fluid culture result and
• seek expert microbiological advice."
NICE_pg37_amended-2021_chunk2,NICE,36,amended 2021],,,paragraph,925,"Source: NICE
Section: amended 2021]

[2012, amended 2021]
If a baby is in a neonatal unit and meningitis is shown (by cerebrospinal fluid Gram stain) to be caused by a Gram-positive bacterium:
• continue treatment with intravenous amoxicillin and cefotaxime while waiting for the cerebrospinal fluid culture result and
• seek expert microbiological advice. [2012, amended 2021]
If the cerebrospinal fluid culture is positive for group B streptococcus, consider changing the antibiotic treatment to:
• benzylpenicillin sodium 50 mg/kg every 12 hours, normally for at least 14 days and
• gentamicin, with:
－ a starting dosage of 5 mg/kg every 36 hours － subsequent doses and intervals adjusted, if necessary, based on clinical judgement (for timing of the second dose, see recommendation 1.20.5 in the section on choice and dosage of intravenous antibiotics for suspected early-onset neonatal infection) and blood gentamicin 98"
NICE_pg38_amended-2021_rec1_chunk1,NICE,37,amended 2021],,rec1,recommendation,569,"Source: NICE
Section: amended 2021]
Recommendation: rec1

Recommendation: concentrations (see recommendations 1.35.1 to 1.35.3 in the section on trough concentrations for babies receiving gentamicin)
－ treatment lasting for 5 days. [2012, amended 2021]
If the blood culture or cerebrospinal fluid culture is positive for listeria, consider stopping cefotaxime and treating with amoxicillin and gentamicin. [2012,

If the cerebrospinal fluid culture identifies a Gram-positive bacterium other than group B streptococcus or listeria, seek expert microbiological advice on"
NICE_pg38_management-2012-amended-_chunk1,NICE,37,"management. [2012, amended 2021]",,,paragraph,273,"Source: NICE
Section: management. [2012, amended 2021]

For a short explanation of why the committee amended the 2012 recommendations and how they might affect practice, see the rationale and impact section on antibiotic treatment for early-onset and late-onset meningitis."
NICE_pg38_management-2012-amended-_chunk2,NICE,37,"management. [2012, amended 2021]",Fluid restriction,,paragraph,720,"Source: NICE
Section: management. [2012, amended 2021]
Topic: Fluid restriction

Do not routinely restrict fluid intake to below routine maintenance needs in babies with bacterial meningitis. [2024]
Give maintenance fluids orally or by enteral tube, if tolerated. [2024]
For more guidance on fluid therapy, see NICE's guideline on intravenous fluid therapy in children and young people.
For a short explanation of why the committee made these recommendations and how they might affect practice, see the rationale and impact section on fluid restriction for confirmed bacterial meningitis.
Full details of the evidence and the committee's discussion are in evidence review M:
fluid restriction in bacterial meningitis.
98"
NICE_pg39_recurrence-risk-in-babie_chunk1,NICE,38,recurrence risk in babies with bacterial meningitis,,,paragraph,929,"Source: NICE
Section: recurrence risk in babies with bacterial meningitis

Refer babies with pneumococcal meningitis to a paediatric immunology and infectious disease specialist to assess for primary immunodeficiency. [2024]
For babies with bacterial meningitis, examine their back and scalp for signs of a sinus tract. [2024]
For babies with bacterial meningitis, take a history of:
• head trauma, surgery or cerebrospinal fluid leak
• immunisations
• medicines, including drugs that suppress the immune system (such as complement inhibitors). [2024]
For a short explanation of why the committee made these recommendations and how they might affect practice, see the rationale and impact section on assessing for immunodeficiency and recurrence risk in babies with bacterial meningitis.
Full details of the evidence and the committee's discussion are in evidence review N:
factors associated with recurrent bacterial meningitis."
NICE_pg39_recurrence-risk-in-babie_rec1_chunk1,NICE,38,recurrence risk in babies with bacterial meningitis,Discharge after antibiotic treatment,rec1,recommendation,318,"Source: NICE
Section: recurrence risk in babies with bacterial meningitis
Topic: Discharge after antibiotic treatment
Recommendation: rec1

Recommendation: After antibiotic treatment, consider prompt discharge of the baby from hospital, with support for the parents and carers and a point of contact for advice. [2012]"
NICE_pg39_recurrence-risk-in-babie_chunk2,NICE,38,recurrence risk in babies with bacterial meningitis,Preparing for hospital discharge,,paragraph,1008,"Source: NICE
Section: recurrence risk in babies with bacterial meningitis
Topic: Preparing for hospital discharge

See also the section on planning for care after discharge for all babies who have had an infection. 98

Identify follow-up needs for babies who have had bacterial meningitis, taking into account potential cognitive, neurological, developmental, hearing, psychosocial, education, and renal complications. [2024]
Refer babies for community neurodevelopmental follow-up. [2024]
For babies who are taking anti-epileptic drugs, refer for a medicines review 3 months after hospital discharge, with a clinician with an interest in epilepsy, an epilepsy specialist nurse, or a neurologist. [2024]
Offer an audiological assessment within 4 weeks of the baby being well enough for testing (and preferably before discharge). [2024]
For a short explanation of why the committee made these recommendations and how they might affect practice, see the rationale and impact section on preparing for discharge."
NICE_pg39_recurrence-risk-in-babie_chunk3,NICE,38,recurrence risk in babies with bacterial meningitis,Preparing for hospital discharge,,paragraph,444,"Source: NICE
Section: recurrence risk in babies with bacterial meningitis
Topic: Preparing for hospital discharge

[2024]
For a short explanation of why the committee made these recommendations and how they might affect practice, see the rationale and impact section on preparing for discharge. Full details of the evidence and the committee's discussion are in evidence review O:
long-term complications and follow-up for bacterial meningitis."
NICE_pg40_recurrence-risk-in-babie_rec1_chunk1,NICE,39,recurrence risk in babies with bacterial meningitis,Psychosocial support,rec1,recommendation,559,"Source: NICE
Section: recurrence risk in babies with bacterial meningitis
Topic: Psychosocial support
Recommendation: rec1

Recommendation: Consider referral to psychosocial support for family members and carers of babies who have had bacterial meningitis. [2024]
For a short explanation of why the committee made this recommendation and how it might affect practice, see the rationale and impact section on psychosocial support.
Full details of the evidence and the committee's discussion are in evidence review Q:
support for confirmed bacterial meningitis."
NICE_pg40_recurrence-risk-in-babie_chunk1,NICE,39,recurrence risk in babies with bacterial meningitis,Care after hospital discharge,,paragraph,860,"Source: NICE
Section: recurrence risk in babies with bacterial meningitis
Topic: Care after hospital discharge

For babies who have had bacterial meningitis, arrange for a review with a 98

neonatologist or paediatrician at 4 to 6 weeks after discharge from hospital. As part of this review, cover:
• the results of their audiological assessment, and whether cochlear implants are needed
• damage to bones and joints
• skin complications (including scarring from necrosis)
• psychosocial problems (if relevant, see NICE's guideline on post-traumatic stress disorder)
• neurological and developmental problems, in liaison with community child development services. [2024]
Arrange a review with a neonatologist or paediatrician for 1 year after discharge. At this review, assess for possible late-onset neurodevelopmental, sensory and psychosocial complications."
NICE_pg40_recurrence-risk-in-babie_chunk2,NICE,39,recurrence risk in babies with bacterial meningitis,Care after hospital discharge,,paragraph,822,"Source: NICE
Section: recurrence risk in babies with bacterial meningitis
Topic: Care after hospital discharge

[2024]
Arrange a review with a neonatologist or paediatrician for 1 year after discharge. At this review, assess for possible late-onset neurodevelopmental, sensory and psychosocial complications. [2024]
Healthcare professionals (such as school nurses, health visitors and GPs) with responsibility for monitoring the health and wellbeing of babies should be alert for late-onset complications of bacterial meningitis. [2024]
Be aware that late-onset complications may not be apparent until transition points (such as starting nursery or school). [2024]
Community child development services should follow up and assess the risk of long-term neurodevelopmental complications for at least 2 years after discharge."
NICE_pg41_2024_chunk1,NICE,40,[2024],,,paragraph,413,"Source: NICE
Section: [2024]

If a neurodevelopmental deficit is identified, refer to the appropriate services (for example, neurodisability services) and agree with them who will be responsible for follow-up, to ensure that nobody misses out on care. [2024]
Advise parents and carers to get advice from their GP if their child develops possible neurodevelopmental complications more than 2 years after discharge."
NICE_pg41_2024_chunk2,NICE,40,[2024],,,paragraph,428,"Source: NICE
Section: [2024]

98

For a short explanation of why the committee made these recommendations and how they might affect practice, see the rationale and impact section on care after hospital discharge.
Full details of the evidence and the committee's discussion are in evidence review O:
long-term complications and follow-up for bacterial meningitis and evidence review Q:
support for confirmed bacterial meningitis."
NICE_pg42_risk-factors_chunk1,NICE,41,Risk factors,,,paragraph,754,"Source: NICE
Section: Risk factors

Risk factors for recurrent bacterial meningitis are:
• primary or secondary immunodeficiency, including:
－ HIV － congenital complement deficiency or acquired inhibition － reduced or absent spleen function － hypogammaglobulinaemia
• communication between the cerebrospinal fluid and external surface, for example, caused by:
－ prior trauma or surgery － a congenital anomaly. [2024]
For a short explanation of why the committee made this recommendation and how it might affect practice, see the rationale and impact section on risk factors for recurrent bacterial meningitis.
Full details of the evidence and the committee's discussion are in evidence review N:
factors associated with recurrent bacterial meningitis.
98"
NICE_pg43_management_chunk1,NICE,42,Management,,,paragraph,446,"Source: NICE
Section: Management

For babies who have had a recurrent episode of bacterial meningitis:
• review with a paediatric immunology and infectious disease specialist and
• agree which tests, investigations, vaccines and other interventions are needed to prevent re-occurrence. [2024]
Examine the baby's back and scalp for signs of a sinus tract. [2024]
Get specialist radiological advice on investigations for a cerebrospinal fluid leak."
NICE_pg43_2024_rec1_chunk1,NICE,42,[2024],,rec1,recommendation,679,"Source: NICE
Section: [2024]
Recommendation: rec1

Recommendation: Take an immunisation and medicine history, including for drugs that suppress the immune system (such as complement inhibitors). [2024]
In babies with recurrent meningitis with unconfirmed bacterial cause, consider other causes and get advice from an infection specialist. [2024]
For a short explanation of why the committee made these recommendations and how they might affect practice, see the rationale and impact section on managing recurrent bacterial meningitis.
Full details of the evidence and the committee's discussion are in evidence review N:
factors associated with recurrent bacterial meningitis.
98"
NICE_pg44_receiving-gentamicin_chunk1,NICE,43,receiving gentamicin,Trough concentrations,,paragraph,911,"Source: NICE
Section: receiving gentamicin
Topic: Trough concentrations

If giving a second dose of gentamicin, measure the trough blood gentamicin concentration immediately before giving the second dose. Take the trough concentrations into account before giving the third dose of gentamicin. [2012]
Repeat the measurement of trough concentrations immediately before every subsequent third dose of gentamicin, or more frequently if necessary (for example, if there has been concern about previous trough concentrations or renal function). [2012]
Hospital services should make blood gentamicin concentrations available to healthcare professionals in time to inform the next dosage decision. [2012]
Adjust the gentamicin dose interval, aiming to achieve trough concentrations of less than 2 mg/litre. If the course of gentamicin lasts for more than 3 doses, aim for a trough concentration of less than 1 mg/litre."
NICE_pg44_receiving-gentamicin_chunk2,NICE,43,receiving gentamicin,Trough concentrations,,paragraph,533,"Source: NICE
Section: receiving gentamicin
Topic: Trough concentrations

[2012]
Adjust the gentamicin dose interval, aiming to achieve trough concentrations of less than 2 mg/litre. If the course of gentamicin lasts for more than 3 doses, aim for a trough concentration of less than 1 mg/litre. [2012]
Do not withhold a dose of gentamicin because of delays in getting a trough concentration measurement, unless there is evidence of impaired renal function (for example, an elevated serum urea or creatinine concentration, or anuria)."
NICE_pg44_2012_rec1_chunk1,NICE,43,[2012],Peak concentrations,rec1,recommendation,204,"Source: NICE
Section: [2012]
Topic: Peak concentrations
Recommendation: rec1

Recommendation: Consider measuring peak blood gentamicin concentrations in selected babies, such as in those with:
• oedema 98"
NICE_pg46_care-setting-and-care-af_rec1_chunk1,NICE,45,Care setting and care after discharge,Care setting,rec1,recommendation,743,"Source: NICE
Section: Care setting and care after discharge
Topic: Care setting
Recommendation: rec1

Recommendation: Using clinical judgement, consider completing a course of intravenous antibiotics outside of hospital (for example, at home or through visits to a midwifery-led unit)
in babies who are well and for whom there are no ongoing concerns if there is adequate local support. See also the section on switching to oral antibiotics for babies with early-onset neonatal infection. [2012, amended 2026]
When deciding on the appropriate care setting for a baby, take into account the baby's clinical needs and the competencies needed to ensure safe and effective care (for example, the insertion and care of intravenous cannulas). [2012]"
NICE_pg46_care-setting-and-care-af_chunk1,NICE,45,Care setting and care after discharge,Planning for care after discharge,,paragraph,312,"Source: NICE
Section: Care setting and care after discharge
Topic: Planning for care after discharge

For babies who have had an infection, tell their GP (and health visitor if relevant), and explain any follow-up plans. [2024]
Tell the parents and carers who their main point of contact will be after discharge."
NICE_pg46_2024_rec1_chunk1,NICE,45,[2024],,rec1,recommendation,451,"Source: NICE
Section: [2024]
Recommendation: rec1

Recommendation: Document the follow-up plan for managing complications in the discharge summary. [2024]
The hospital team should coordinate with the following professionals for care after discharge:
• tertiary and primary care and other specialists
• allied professionals and community teams that will be involved in follow-up (for example, audiology and speech and language therapy departments).

98"
NICE_pg48_peak-blood-gentamicin-co_chunk1,NICE,47,Peak blood gentamicin concentration,,,paragraph,279,"Source: NICE
Section: Peak blood gentamicin concentration

The level of gentamicin in the baby's bloodstream shortly after administration. The blood sample is usually taken about 1 hour after giving the drug. High peak concentrations of gentamicin are necessary to kill bacteria."
NICE_pg50_early-onset-neonatal-inf_chunk1,NICE,49,early-onset neonatal infection,,,paragraph,753,"Source: NICE
Section: early-onset neonatal infection

For babies on intravenous antibiotics for suspected early-onset neonatal infection, when healthcare professionals intend to continue antibiotic treatment, what is the clinical and cost effectiveness, and safety implications, of switching to oral antibiotics compared with continuing with intravenous antibiotics? [2026]
For a short explanation of why the committee made this recommendation for research, see the rationale section on switching treatment to oral antibiotics for babies with early-onset neonatal infection.
Full details of the evidence and the committee's discussion are in evidence review R:
switching from intravenous to oral antibiotics for suspected early-onset neonatal infection."
NICE_pg50_2-clinical-prediction-mo_chunk1,NICE,49,2 Clinical prediction models for early-onset infection,,,paragraph,601,"Source: NICE
Section: 2 Clinical prediction models for early-onset infection

What is the accuracy of clinical prediction models for early-onset neonatal infection in the UK and what is their effectiveness in guiding management in the baby? [2021]
98

For a short explanation of why the committee made this recommendation for research, see the rationale section for assessing and managing the risk of early-onset neonatal infection after birth.
Full details of the evidence and the committee's discussion are in evidence review D:
maternal and neonatal risk factors for early-onset neonatal infection."
NICE_pg51_3-investigations-for-bab_chunk1,NICE,50,3 Investigations for babies who may have early-onset infection,,,paragraph,300,"Source: NICE
Section: 3 Investigations for babies who may have early-onset infection

What is the clinical and cost effectiveness of laboratory investigations used individually or in combination to exclude early-onset neonatal infection in babies receiving antibiotics for suspected infection? [2012]"
NICE_pg51_4-clinical-prediction-mo_chunk1,NICE,50,4 Clinical prediction models for late-onset neonatal infection,,,paragraph,665,"Source: NICE
Section: 4 Clinical prediction models for late-onset neonatal infection

What is the accuracy of new or existing clinical prediction models for late-onset neonatal infection in the UK and what is their effectiveness in guiding management:
• for babies already on a neonatal unit?
• for babies admitted from home? [2021]
For a short explanation of why the committee made the recommendation for research, see the rationale section on assessing or reviewing babies for late-onset neonatal infection.
Full details of the evidence and the committee's discussion are in evidence review E:
maternal and neonatal risk factors for late onset neonatal infection."
NICE_pg51_5-antibiotics-for-suspec_chunk1,NICE,50,5 Antibiotics for suspected late-onset neonatal infection,,,paragraph,496,"Source: NICE
Section: 5 Antibiotics for suspected late-onset neonatal infection

What is the optimal antibiotic treatment regimen for suspected late-onset neonatal infection? [2021]
98

For a short explanation of why the committee made the recommendation for research, see the rationale section on choice of antibiotics for late-onset neonatal infection.
Full details of the evidence and the committee's discussion are in evidence review H:
antibiotics for treating late-onset neonatal infection."
NICE_pg52_6-impact-of-neonatal-inf_rec1_chunk1,NICE,51,6 Impact of neonatal infection on the baby's family,,rec1,recommendation,563,"Source: NICE
Section: 6 Impact of neonatal infection on the baby's family
Recommendation: rec1

Recommendation: What is the impact of neonatal infection on the health-related quality of life of the baby's family? [2021]
For a short explanation of why the committee made the recommendation for research, see the rationale section on when to offer immediate birth to prevent early-onset neonatal infection.
Full details of the evidence and the committee's discussion are in evidence review C:
timing of delivery to reduce the risk of early-onset neonatal infection."
NICE_pg52_7-information-and-suppor_chunk1,NICE,51,7 Information and support,,,paragraph,398,"Source: NICE
Section: 7 Information and support

How does each step in the care pathway for prevention and treatment of early-onset neonatal infection impact on babies and their families? [2012]
What is the clinical and cost effectiveness of information and support offered to parents and carers of babies who have received antibiotics for suspected or proven early-onset neonatal infection? [2012]"
NICE_pg53_9-intrapartum-antibiotic_rec1_chunk1,NICE,52,9 Intrapartum antibiotics,,rec1,recommendation,606,"Source: NICE
Section: 9 Intrapartum antibiotics
Recommendation: rec1

Recommendation: What is the clinical and cost effectiveness of intrapartum antibiotics for women, trans men and non-binary people with meconium-stained amniotic fluid? [2021]
For a short explanation of why the committee made the recommendation for research, see the rationale section on when to offer antibiotics during labour to prevent early- onset neonatal infection.
Full details of the evidence and the committee's discussion are in evidence review B:
intrapartum antibiotic prophylaxis for reducing early-onset neonatal infection."
NICE_pg53_10-antibiotics-for-suspe_rec1_chunk1,NICE,52,10 Antibiotics for suspected early-onset infection,,rec1,recommendation,817,"Source: NICE
Section: 10 Antibiotics for suspected early-onset infection
Recommendation: rec1

Recommendation: What is the incidence in England and Wales of resistance to commonly used antibiotics among bacteria that cause early-onset neonatal infection? [2012]
What is the optimal antibiotic dosage regimen for the treatment of early-onset neonatal infection? [2012]
What is the optimal duration of treatment (course length) in babies who receive antibiotics for confirmed early-onset neonatal infection? [2012]
What is the incidence and severity of adverse effects with antibiotics used to prevent or treat early-onset neonatal infection? [2012]
What are the core exposures and outcomes that should be used to evaluate clinical effectiveness of antibiotics to prevent or treat early-onset neonatal infection? [2012]"
NICE_pg53_neonatal-infection_chunk1,NICE,52,neonatal infection,,,paragraph,792,"Source: NICE
Section: neonatal infection

What is the effectiveness of antimicrobial-impregnated catheters other than those impregnated with rifampicin and miconazole for preventing late-onset catheter-related bloodstream infections in newborn babies? [2021]
98

What is the effectiveness of catheters impregnated with silver zeolite for preventing late- onset catheter-related bloodstream infections in newborn babies? [2021]
For a short explanation of why the committee made these recommendations for research, see the rationale section on antimicrobial-impregnated catheters for reducing risk of late-onset neonatal infection.
Full details of the evidence and the committee's discussion are in evidence review F:
antibiotic-impregnated catheters for reducing late-onset neonatal infection."
NICE_pg54_treatment-for-late-onset_chunk1,NICE,53,treatment for late-onset neonatal infection,,,paragraph,642,"Source: NICE
Section: treatment for late-onset neonatal infection

What is the optimal regimen (including treatment duration and dose) for using antifungals to prevent secondary fungal infection associated with antibiotic treatment for late-onset neonatal infection? [2021]
For a short explanation of why the committee made this recommendation for research, see the rationale section on antifungals to prevent fungal infection during antibiotic treatment for late-onset neonatal infection.
Full details of the evidence and the committee's discussion are in evidence review I:
antifungal prophylaxis for treating late-onset neonatal infection."
NICE_pg56_rationale-and-impact_chunk1,NICE,55,Rationale and impact,,,paragraph,244,"Source: NICE
Section: Rationale and impact

These sections briefly explain why the committee made the recommendations and how they might affect practice. They link to details of the evidence and a full description of the committee's discussion."
NICE_pg56_why-the-committee-made-t_chunk1,NICE,55,Why the committee made the recommendations,,,paragraph,380,"Source: NICE
Section: Why the committee made the recommendations

The 2021 committee decided that 2 of the information and support recommendations for parents and carers of babies at increased risk of early-onset neonatal infection from the 2012 guideline on early-onset neonatal infection were also applicable to parents and carers of babies who may develop late-onset infection."
NICE_pg56_how-the-recommendations-_chunk1,NICE,55,How the recommendations might affect practice,,,paragraph,296,"Source: NICE
Section: How the recommendations might affect practice

These recommendations have been adapted from the 2012 guideline on early-onset neonatal infection, reflecting standard practice. As such, they are not expected to have a substantial impact on practice.
Return to recommendations"
NICE_pg56_why-the-committee-made-t_chunk2,NICE,55,Why the committee made the recommendation,,,paragraph,369,"Source: NICE
Section: Why the committee made the recommendation

The 2021 committee decided that 1 of the information and support recommendations for 98

parents and carers of babies treated for early-onset neonatal infection from the 2012 guideline on early-onset neonatal infection was also applicable to parents and carers of babies treated for late-onset infection."
NICE_pg57_how-the-recommendation-m_chunk1,NICE,56,How the recommendation might affect practice,,,paragraph,288,"Source: NICE
Section: How the recommendation might affect practice

This recommendation has been adapted from the 2012 guideline on early-onset neonatal infection, reflecting standard practice. As such, it is not expected to have a substantial impact on practice.
Return to recommendation"
NICE_pg57_why-the-committee-made-t_rec1_chunk1,NICE,56,Why the committee made the recommendations,,rec1,recommendation,739,"Source: NICE
Section: Why the committee made the recommendations
Recommendation: rec1

Recommendation: The 2024 committee made recommendations based on evidence on the views of parents and carers, and based on their knowledge and experience.
The committee emphasised the need to discuss the issues covered in the recommendations with parents and carers of babies with bacterial meningitis, to give them the chance to ask questions, and to repeat information over time. This is because people may be distressed and unable to ask questions or understand information when their baby is first admitted to hospital.
Emotional and pastoral support is recommended for parents and carers because of the severe impact meningitis can have on a baby."
NICE_pg57_how-the-recommendations-_rec1_chunk1,NICE,56,How the recommendations might affect practice,,rec1,recommendation,243,"Source: NICE
Section: How the recommendations might affect practice
Recommendation: rec1

Recommendation: The recommendations largely reflect current practice and they should not have a significant resource impact.
Return to recommendations 98"
NICE_pg58_why-the-committee-made-t_chunk1,NICE,57,Why the committee made the recommendation,,,paragraph,953,"Source: NICE
Section: Why the committee made the recommendation

The 2012 guideline on early-onset neonatal infection recommended that parents and carers of babies with risk factors for early-onset infection should be given verbal and written information on the signs and symptoms of infection. This is particularly important when the baby already has risk factors that indicate they may develop infection. However, the 2021 committee noted that any baby can develop an infection, even if they are not identified as high risk at the time of discharge. The committee, therefore, thought it was important that all parents and carers should be given information about the signs and symptoms of neonatal infection before their baby is discharged from hospital. The committee also wanted to ensure that the signs of infection listed in the recommendation were written in simple language that families could understand, rather than using clinical terminology."
NICE_pg58_why-the-committee-made-t_chunk2,NICE,57,Why the committee made the recommendation,,,paragraph,399,"Source: NICE
Section: Why the committee made the recommendation

The committee also wanted to ensure that the signs of infection listed in the recommendation were written in simple language that families could understand, rather than using clinical terminology. Therefore, examples of the most common breathing problems experienced by babies with neonatal infection were added to the recommendation."
NICE_pg58_how-the-recommendation-m_chunk1,NICE,57,How the recommendation might affect practice,,,paragraph,510,"Source: NICE
Section: How the recommendation might affect practice

This recommendation has been adapted from the 2012 guideline on early-onset neonatal infection, reflecting standard practice. As such, it is not expected to have a substantial impact on practice. Expanding the recommendation so that advice is given to all parents and carers will mean that more families will be aware of the signs of infection and will know to seek medical help if their baby develops any of them.
Return to recommendation 98"
NICE_pg59_why-the-committee-made-t_chunk1,NICE,58,Why the committee made the recommendations,,,paragraph,1012,"Source: NICE
Section: Why the committee made the recommendations

No new evidence from 2012 to 2021 was identified. The 2021 committee extended the recommendation on antibiotics for group B streptococcus from the 2012 guideline on early-onset neonatal infection to cover women, trans men and non-binary people who had colonisation in a previous pregnancy. This was because group B streptococcus colonisation in a previous pregnancy greatly increases the chance of being colonised in future pregnancies. The committee was concerned about treatment not being offered because of a false negative test result, and so they decided to specify that a negative test should be from enrichment culture or polymerase chain reaction (PCR) on rectovaginal swab samples. Although some tests may have higher false positive rates, all women, trans men and non-binary people with positive tests should be treated as if they have group B streptococcus colonisation so that no babies who are at higher risk of infection are missed."
NICE_pg59_why-the-committee-made-t_chunk2,NICE,58,Why the committee made the recommendations,,,paragraph,917,"Source: NICE
Section: Why the committee made the recommendations

Although some tests may have higher false positive rates, all women, trans men and non-binary people with positive tests should be treated as if they have group B streptococcus colonisation so that no babies who are at higher risk of infection are missed. For women in pre-term labour and women with a clinical diagnosis of chorioamnionitis, there was no evidence identified on the effects on intrapartum antibiotics on the number of neonatal infections. However, antibiotics did reduce the number of maternal infections in women in pre-term labour. The committee also agreed that pre-term labour and chorioamnionitis are important risk factors for neonatal infection, so intrapartum antibiotics are very likely to reduce the risk to the baby. Chorioamnionitis is a serious infection that needs to be treated with antibiotics to prevent maternal harm."
NICE_pg59_why-the-committee-made-t_chunk3,NICE,58,Why the committee made the recommendations,,,paragraph,745,"Source: NICE
Section: Why the committee made the recommendations

The committee also agreed that pre-term labour and chorioamnionitis are important risk factors for neonatal infection, so intrapartum antibiotics are very likely to reduce the risk to the baby. Chorioamnionitis is a serious infection that needs to be treated with antibiotics to prevent maternal harm. The committee thought that it was important to make recommendations for antibiotic treatment that would simultaneously treat maternal infection and prevent early-onset group B streptococcal infection in the baby to make the best use of antibiotics. The committee retained the recommendations on using benzylpenicillin sodium as first- choice antibiotic from the 2012 guideline."
NICE_pg59_why-the-committee-made-t_chunk4,NICE,58,Why the committee made the recommendations,,,paragraph,938,"Source: NICE
Section: Why the committee made the recommendations

The committee retained the recommendations on using benzylpenicillin sodium as first- choice antibiotic from the 2012 guideline. Based on their knowledge and experience, gentamicin and metronidazole are also now recommended for women, trans men and non- binary people with chorioamnionitis, because chorioamnionitis can be caused by Gram positive or negative aerobic and anaerobic bacteria, so clinicians need to use broad- spectrum antibiotics that are effective against both. Once-daily dosing for gentamicin was 98

recommended based on the knowledge and experience of the committee because 8 hourly dosing has additional monitoring requirements and would need additional nursing time for administration. The committee also provided guidance on alternatives for women, trans men and non- binary people with a penicillin allergy, based on their knowledge and experience."
NICE_pg59_why-the-committee-made-t_chunk5,NICE,58,Why the committee made the recommendations,,,paragraph,995,"Source: NICE
Section: Why the committee made the recommendations

The committee also provided guidance on alternatives for women, trans men and non- binary people with a penicillin allergy, based on their knowledge and experience. The committee amended the 2012 recommendation on antibiotic alternatives to penicillin. They changed the recommended antibiotic from clindamycin because there is evidence of resistance to group B streptococcus emerging with clindamycin, meaning that this antibiotic should no longer be used routinely. Based on their knowledge and experience, the committee recommended a cephalosporin with activity against group B streptococcus as an alternative for people with a penicillin allergy that was not severe, and vancomycin or an alternative antibiotic with activity against group B streptococcus in the case of severe penicillin allergy. The committee was aware of the possibility of allergic reaction to cephalosporins in people with a history of penicillin allergy."
NICE_pg59_why-the-committee-made-t_chunk6,NICE,58,Why the committee made the recommendations,,,paragraph,855,"Source: NICE
Section: Why the committee made the recommendations

The committee was aware of the possibility of allergic reaction to cephalosporins in people with a history of penicillin allergy. For people with a history of penicillin allergy that was not severe they thought that this risk was small and was outweighed by the benefits of using cephalosporins to treat chorioamnionitis and prevent neonatal infection. They noted that cephalosporins should be used with caution in this population. Cephalosporins were not recommended in the case of severe penicillin allergy because of an increased chance of a severe allergic reaction to cephalosporins. Severe penicillin allergy refers to a history of allergy to penicillin with effects that are clearly likely to be allergic in nature such as anaphylaxis, respiratory distress, angioedema or urticaria."
NICE_pg60_how-the-recommendations-_chunk1,NICE,59,How the recommendations might affect practice,,,paragraph,1011,"Source: NICE
Section: How the recommendations might affect practice

Many of the recommendations remain the same as in the 2012 guideline on early-onset neonatal infection. The recommendations on intrapartum antibiotics have been extended to cover women, trans men and non-binary people:
• in pre-term labour without prelabour rupture of membranes
• with chorioamnionitis and
• with group B streptococcus colonisation in a previous pregnancy. However, these changes reflect current practice, as many of these women, trans men and non-binary people already receive intrapartum antibiotics. The committee expected that the recommendation on intrapartum antibiotics for 98

chorioamnionitis would have the greatest impact on clinical practice. There is currently variation in which antibiotics are given for women, trans men and non-binary people with chorioamnionitis, with some units prescribing broad-spectrum antibiotics to treat maternal infection and benzylpenicillin sodium to prevent infection in the baby."
NICE_pg60_how-the-recommendations-_chunk2,NICE,59,How the recommendations might affect practice,,,paragraph,601,"Source: NICE
Section: How the recommendations might affect practice

There is currently variation in which antibiotics are given for women, trans men and non-binary people with chorioamnionitis, with some units prescribing broad-spectrum antibiotics to treat maternal infection and benzylpenicillin sodium to prevent infection in the baby. Recommending a combination of narrow-spectrum antibiotics for women, trans men and non-binary people without an allergy to penicillin is likely to reduce the use of broad-spectrum antibiotics, which will improve antibiotic stewardship. Return to recommendations"
NICE_pg61_why-the-committee-made-t_chunk1,NICE,60,Why the committee made the recommendation,,,paragraph,930,"Source: NICE
Section: Why the committee made the recommendation

The evidence suggested that immediate delivery can result in a reduced risk of a baby developing neonatal infection when a woman, trans man or non-binary person is between 34 and 37 weeks' gestation and has prolonged prelabour rupture of membranes and a positive test result for group B streptococcus. The evidence did not indicate any significant harms to the baby from choosing immediate delivery over expectant management. Therefore, the committee decided that, given the potential serious consequences of a baby developing neonatal infection, a recommendation in favour of immediate delivery was important. This was further supported by the economic evidence, which showed not only a clinical benefit to immediate delivery but also lower associated costs in comparison to expectant management, which has increased antenatal costs and higher rates of infections."
NICE_pg61_why-the-committee-made-t_chunk2,NICE,60,Why the committee made the recommendation,,,paragraph,625,"Source: NICE
Section: Why the committee made the recommendation

This was further supported by the economic evidence, which showed not only a clinical benefit to immediate delivery but also lower associated costs in comparison to expectant management, which has increased antenatal costs and higher rates of infections. The committee made a recommendation for research on the impact of neonatal infection on the health-related quality of life for parents or carers. This information was not available and would have improved how well the economic model truly reflected the costs and health consequences of neonatal infection."
NICE_pg61_how-the-recommendation-m_chunk1,NICE,60,How the recommendation might affect practice,,,paragraph,955,"Source: NICE
Section: How the recommendation might affect practice

This recommendation could increase the number of women, trans men and non-binary 98

people who are offered immediate delivery when they have both prolonged prelabour rupture of membranes and a positive test for group B streptococcus. This in turn could reduce the number of babies who need to be treated for neonatal infection and also reduce the number of women, trans men and non-binary people who need to be monitored throughout the expectant management period. The exact impact of these recommendations will vary between those hospitals where group B streptococcus screening and testing is more routinely performed and those where it is not.
Recommendations on group B streptococcus screening were outside of the scope of this guideline. An economic model suggested that increasing the number of people offered immediate delivery would reduce costs overall.
Return to recommendation"
NICE_pg62_why-the-committee-made-t_chunk1,NICE,61,Why the committee made the recommendation,,,paragraph,775,"Source: NICE
Section: Why the committee made the recommendation

There were only 2 studies looking at antimicrobial-impregnated catheters in newborn babies:
• One study looked at rifampicin-miconazole-impregnated catheters. These provided no benefit over standard catheters. In addition, they are more expensive than standard catheters. • The other study looked at silver-zeolite-impregnated catheters. They showed some benefit compared with standard catheters, but the study was small and the committee had concerns about its quality. It was also conducted in Italy, and there are differences in clinical practice and infection rates between Italy and the UK. The committee agreed they could not recommend antimicrobial-impregnated catheters based on the available evidence."
NICE_pg62_why-the-committee-made-t_chunk2,NICE,61,Why the committee made the recommendation,,,paragraph,841,"Source: NICE
Section: Why the committee made the recommendation

The committee agreed they could not recommend antimicrobial-impregnated catheters based on the available evidence. The recommendation against the use of rifampicin- miconazole-impregnated catheters was made on the basis of the evidence that they provide no additional benefit over a standard catheter, and not because of any safety concerns over their use. There is a wider range of antimicrobials that can be used to impregnate catheters than have currently been investigated in newborn babies and 98

uncertainty over which type of impregnated catheter is the most effective and whether monotherapy or the use of more than one antimicrobial would provide the most benefits. To address the shortage of evidence they made recommendations for research on impregnated catheters."
NICE_pg63_how-the-recommendation-m_rec1_chunk1,NICE,62,How the recommendation might affect practice,,rec1,recommendation,341,"Source: NICE
Section: How the recommendation might affect practice
Recommendation: rec1

Recommendation: The recommendation will reduce the use of rifampicin-miconazole-impregnated catheters.
However, antimicrobial-impregnated catheters are not commonly used for newborn babies, so this should have a limited impact.
Return to recommendation"
NICE_pg63_why-the-committee-made-t_chunk1,NICE,62,Why the committee made the recommendations,,,paragraph,910,"Source: NICE
Section: Why the committee made the recommendations

The 2021 committee agreed that the recommendations from the 2012 guideline on early- onset neonatal infection still reflected current best practice so did not need to be changed. These recommendations apply to all women, trans men and non-binary people with risk factors, including those who decline antibiotics, or those who either do not receive antibiotics or receive their first dose of antibiotics shortly before birth because of precipitate birth. As such, any women, trans men and non-binary people with risk factors should be monitored throughout labour, and these factors should be taken into account when assessing the risk of infection in the baby. See the rationale and impact section on assessing and managing the risk of early-onset neonatal infection after birth for an explanation of the changes to risk factors listed in box 1."
NICE_pg64_why-the-committee-made-t_chunk1,NICE,63,Why the committee made the recommendations,,,paragraph,912,"Source: NICE
Section: Why the committee made the recommendations

In 2026, evidence from 3 studies showed that the risk of early-onset neonatal infection increased as the time between prelabour rupture of membranes (PROM) at term and birth increased. The 2026 committee agreed to amend the risk factor in box 1 about rupture of membranes at term to refer to the time between rupture and birth rather than prelabour rupture and onset of labour. This reflected their view that whether membranes rupture before or after onset of labour is irrelevant and that is it the overall time between rupture and birth that is important for the risk of early-onset neonatal infection. The evidence was inconclusive in identifying a specific time interval at which the risk of early-onset neonatal infection significantly increased. So, using their clinical experience, the committee decided to keep this at more than 24 hours."
NICE_pg64_why-the-committee-made-t_chunk2,NICE,63,Why the committee made the recommendations,,,paragraph,937,"Source: NICE
Section: Why the committee made the recommendations

The evidence was inconclusive in identifying a specific time interval at which the risk of early-onset neonatal infection significantly increased. So, using their clinical experience, the committee decided to keep this at more than 24 hours. In 2021, confirmed prelabour rupture of membranes without any associated timeframe was removed from box 1 because the 2021 committee decided that it was covered by other risk factors listed. The 2021 committee based their recommendations on evidence on the accuracy of clinical decision models for early-onset neonatal infection, as well as evidence on individual neonatal and maternal risk factors. As there was only limited new evidence in 2021, the framework for making antibiotic decisions after birth, involving red flags and other risk factors or clinical indicators of infection, has been retained from the 2012 guideline."
NICE_pg64_why-the-committee-made-t_chunk3,NICE,63,Why the committee made the recommendations,,,paragraph,952,"Source: NICE
Section: Why the committee made the recommendations

As there was only limited new evidence in 2021, the framework for making antibiotic decisions after birth, involving red flags and other risk factors or clinical indicators of infection, has been retained from the 2012 guideline. The 2021 committee selected the red flag risk factors and clinical indicators as those that, based on their clinical experience, need immediate treatment. Non-red flag risk factors and clinical indicators are those that can have causes other than neonatal infection and therefore do not always signal the need for immediate treatment. In 2021, 'parenteral antibiotics during, before or after labour for confirmed or suspected bacterial infection (such as septicaemia)' was removed from the list of risk factors in box 1. Since the 2012 guideline, awareness of the risks of maternal sepsis has increased with a 98

focus on early treatment with antibiotics."
NICE_pg64_why-the-committee-made-t_chunk4,NICE,63,Why the committee made the recommendations,,,paragraph,907,"Source: NICE
Section: Why the committee made the recommendations

Since the 2012 guideline, awareness of the risks of maternal sepsis has increased with a 98

focus on early treatment with antibiotics. Including parenteral antibiotics as a red flag risk factor had led to more babies being prescribed antibiotics even when maternal infection was not strongly suspected. For this reason it was removed. Antibiotic use in babies can result in them being unnecessarily exposed to the side effects associated with antibiotics, such as nephrotoxicity, as well as increasing their length of stay in hospital. Increased antibiotic use is also associated with an increase in the development of antibiotic resistance. In 2021, the inclusion of chorioamnionitis and intrapartum fever in box 1 was changed to list them as separate rather than combined risk factors because intrapartum fever has other potential causes."
NICE_pg64_why-the-committee-made-t_chunk5,NICE,63,Why the committee made the recommendations,,,paragraph,865,"Source: NICE
Section: Why the committee made the recommendations

In 2021, the inclusion of chorioamnionitis and intrapartum fever in box 1 was changed to list them as separate rather than combined risk factors because intrapartum fever has other potential causes. This change means that babies of women, trans men and non- binary people with both chorioamnionitis and intrapartum fever receive antibiotics (see below for subsequent changes to these risk factors). In 2026, the risk factor of 'intrapartum fever higher than 38°C if there is suspected or confirmed bacterial infection' was changed to 'suspected or confirmed maternal sepsis in the intrapartum or early postpartum period'. This was done to focus on the wider signs and symptoms of sepsis (other than just a specific temperature measurement), in the intrapartum as well as the early postpartum period."
NICE_pg64_why-the-committee-made-t_chunk6,NICE,63,Why the committee made the recommendations,,,paragraph,758,"Source: NICE
Section: Why the committee made the recommendations

This was done to focus on the wider signs and symptoms of sepsis (other than just a specific temperature measurement), in the intrapartum as well as the early postpartum period. In 2021, the risk factor related to chorioamnionitis was changed to 'clinical diagnosis of chorioamnionitis' based on the committee's experience that diagnosis during the intrapartum period is usually based on clinical signs. However, in 2026, concerns were raised that this wording had caused confusion leading to a baby not being assessed because chorioamnionitis had been suspected but not confirmed. Therefore, a decision was made to revert to the original wording of 'suspected or confirmed chorioamnionitis'."
NICE_pg64_why-the-committee-made-t_chunk7,NICE,63,Why the committee made the recommendations,,,paragraph,817,"Source: NICE
Section: Why the committee made the recommendations

However, in 2026, concerns were raised that this wording had caused confusion leading to a baby not being assessed because chorioamnionitis had been suspected but not confirmed. Therefore, a decision was made to revert to the original wording of 'suspected or confirmed chorioamnionitis'. Invasive group B streptococcal infection in a previous baby and maternal group B streptococcal colonisation, bacteriuria or infection in the current pregnancy have been combined into a single risk factor, because having a previous baby with invasive group B streptococcal infection increases the risk of future colonisation and infection, but does not confer additional risk if infection, bacteriuria or infection in the current pregnancy is already known about."
NICE_pg64_why-the-committee-made-t_chunk8,NICE,63,Why the committee made the recommendations,,,paragraph,777,"Source: NICE
Section: Why the committee made the recommendations

Invasive group B streptococcal infection in a previous baby and maternal group B streptococcal colonisation, bacteriuria or infection in the current pregnancy have been combined into a single risk factor, because having a previous baby with invasive group B streptococcal infection increases the risk of future colonisation and infection, but does not confer additional risk if infection, bacteriuria or infection in the current pregnancy is already known about. The need for mechanical ventilation of babies, which was previously a red flag clinical indicator of possibly early-onset neonatal infection for pre-term babies, and a non-red flag clinical indicator for term babies has been merged into 1 red flag."
NICE_pg64_why-the-committee-made-t_chunk9,NICE,63,Why the committee made the recommendations,,,paragraph,829,"Source: NICE
Section: Why the committee made the recommendations

The need for mechanical ventilation of babies, which was previously a red flag clinical indicator of possibly early-onset neonatal infection for pre-term babies, and a non-red flag clinical indicator for term babies has been merged into 1 red flag. The committee agreed that mechanical ventilation is a clinical indicator of possible early-onset neonatal infection 98

regardless of prematurity, and so they decided to merge these into 1 red flag clinical indicator, which did not refer to whether a baby was born pre-term or at term. There was uncertainty about how well the Kaiser Permanente neonatal sepsis calculator identified true cases of early-onset infection, because the studies included very few cases of infection that were confirmed by blood culture."
NICE_pg64_why-the-committee-made-t_chunk10,NICE,63,Why the committee made the recommendations,,,paragraph,873,"Source: NICE
Section: Why the committee made the recommendations

There was uncertainty about how well the Kaiser Permanente neonatal sepsis calculator identified true cases of early-onset infection, because the studies included very few cases of infection that were confirmed by blood culture. This was a problem for the framework for making antibiotic decisions after birth outlined in the 2012 guideline on early-onset neonatal infection as well, but the 2021 committee believed that the framework was more conservative and would lead to more antibiotics being prescribed than the Kaiser Permanente calculator (both appropriately and inappropriately). Evidence on the Kaiser Permanente neonatal sepsis calculator suggests that it is good at correctly identifying babies without neonatal infection, so reducing the amount of antibiotics that are prescribed unnecessarily."
NICE_pg64_why-the-committee-made-t_chunk11,NICE,63,Why the committee made the recommendations,,,paragraph,719,"Source: NICE
Section: Why the committee made the recommendations

Evidence on the Kaiser Permanente neonatal sepsis calculator suggests that it is good at correctly identifying babies without neonatal infection, so reducing the amount of antibiotics that are prescribed unnecessarily. However, given the very serious consequences of missing an infection, the committee preferred the conservative approach from the framework in the 2012 guideline, with some amendments as outlined. However, as the evidence does not clearly show 1 option to be better and some UK centres currently use the Kaiser Permanente calculator, they also recommended this as an alternative, but only in the context of a research or audit project."
NICE_pg64_why-the-committee-made-t_chunk12,NICE,63,Why the committee made the recommendations,,,paragraph,851,"Source: NICE
Section: Why the committee made the recommendations

However, as the evidence does not clearly show 1 option to be better and some UK centres currently use the Kaiser Permanente calculator, they also recommended this as an alternative, but only in the context of a research or audit project. By using the Kaiser Permanente calculator as part of an audit, centres will be able to collect detailed data on the use of the tool within NHS practice, including the number of babies who correctly received treatment, those who received antibiotics unnecessarily, and any who were not recommended antibiotics but did have infection. This information will provide a more detailed understanding of the effectiveness and safety of the Kaiser Permanente calculator which can be used to inform decisions on its use in future updates of this guideline."
NICE_pg64_why-the-committee-made-t_chunk13,NICE,63,Why the committee made the recommendations,,,paragraph,978,"Source: NICE
Section: Why the committee made the recommendations

This information will provide a more detailed understanding of the effectiveness and safety of the Kaiser Permanente calculator which can be used to inform decisions on its use in future updates of this guideline. The 2021 committee decided to specify that the Kaiser Permanente calculator should only be used for babies who are being cared for in a neonatal unit (neonatal intensive care units, local neonatal units and special care units), transitional care or a postnatal ward. The committee highlighted how it would be more difficult to collect the information needed for the audit in other settings. They did not think the calculator should be recommended for use in the emergency department, as babies who are brought in from home are likely to already be showing signs of being unwell and therefore need more immediate treatment than babies who are being assessed for risk of infection in a neonatal unit."
NICE_pg64_why-the-committee-made-t_chunk14,NICE,63,Why the committee made the recommendations,,,paragraph,837,"Source: NICE
Section: Why the committee made the recommendations

They did not think the calculator should be recommended for use in the emergency department, as babies who are brought in from home are likely to already be showing signs of being unwell and therefore need more immediate treatment than babies who are being assessed for risk of infection in a neonatal unit. In these cases, waiting to consult the calculator could instead delay treatment. The committee also thought that the calculator was not appropriate for use in a midwife-led unit or freestanding midwifery unit as there is currently no evidence that has used the calculator in these settings. 98

To address the limited evidence, the 2021 committee made a recommendation for research on the accuracy of clinical prediction models for early-onset neonatal infection."
NICE_pg67_how-the-recommendations-_chunk1,NICE,66,How the recommendations might affect practice,,,paragraph,875,"Source: NICE
Section: How the recommendations might affect practice

The 2026 revised wording for the risk factor for early-onset neonatal infection of rupture of membranes more than 24 hours before a term birth could increase the number of neonates requiring monitoring for early-onset infection, although current practice is already largely aligned with this so no significant change in practice or resource impact is expected. There could be an increase in the number of pregnant women, trans men and non-binary people opting for induction of labour as soon as possible after rupture of membranes rather than expectant management. The 2026 revised wording in relation to the risk of factor on maternal sepsis should ensure that suspected (or confirmed) maternal sepsis in the early postpartum period will lead to the baby being assessed for early-onset neonatal infection."
NICE_pg67_how-the-recommendations-_chunk2,NICE,66,How the recommendations might affect practice,,,paragraph,975,"Source: NICE
Section: How the recommendations might affect practice

The 2026 revised wording in relation to the risk of factor on maternal sepsis should ensure that suspected (or confirmed) maternal sepsis in the early postpartum period will lead to the baby being assessed for early-onset neonatal infection. Some centres use the Kaiser Permanente neonatal sepsis calculator as an alternative, and the recommendations may increase the number of centres who use this calculator in the context of a research or audit project. Evidence in 2021 suggested that this may reduce the number of babies who are unnecessarily given antibiotics, but there was substantial uncertainty about how well the calculator identified true cases of infection. If an increase in use of the Kaiser calculator resulted in more cases of infection being missed, this could increase costs associated with treating neonatal infections, as well as the very serious impact on the baby and their families."
NICE_pg67_how-the-recommendations-_chunk3,NICE,66,How the recommendations might affect practice,,,paragraph,549,"Source: NICE
Section: How the recommendations might affect practice

If an increase in use of the Kaiser calculator resulted in more cases of infection being missed, this could increase costs associated with treating neonatal infections, as well as the very serious impact on the baby and their families. Reducing the number of babies being given antibiotics may reduce costs for the NHS, both by reducing prescriptions and by reducing the amount of time babies and women, trans men and non-binary people spend in hospital. Return to recommendations"
NICE_pg68_why-the-committee-made-t_chunk1,NICE,67,Why the committee made the recommendation,,,paragraph,308,"Source: NICE
Section: Why the committee made the recommendation

No evidence was found that related specifically to this topic, and the 2021 committee agreed that the recommendation from the 2012 guideline on early-onset neonatal infection still reflected current best practice so did not need to be changed."
NICE_pg68_why-the-committee-made-t_chunk2,NICE,67,Why the committee made the recommendations,,,paragraph,932,"Source: NICE
Section: Why the committee made the recommendations

The committee did not feel that there was sufficient, high-quality evidence for any individual model to make a recommendation on clinical prediction models for late‑onset neonatal infection. Instead, they recommended a review of the individual risk factors that may predict a baby's risk of having or developing late-onset neonatal infection. Although there was evidence on a number of tools aimed at predicting late-onset neonatal infection, the committee did not think that there was sufficient, high quality, evidence including external validation to recommend any of them for use in practice. Most of the evidence was not from recent studies, the models were not readily available as web-based tools or in other formats that could be easily used by clinicians and it was thought that implementing them would have needed considerable changes in clinical practice."
NICE_pg68_why-the-committee-made-t_chunk3,NICE,67,Why the committee made the recommendations,,,paragraph,998,"Source: NICE
Section: Why the committee made the recommendations

Most of the evidence was not from recent studies, the models were not readily available as web-based tools or in other formats that could be easily used by clinicians and it was thought that implementing them would have needed considerable changes in clinical practice. Given the limited evidence currently available for prognostic models for late‑onset infection, the committee decided that they should make a recommendation for research on clinical prediction models for late-onset neonatal infection. The recommendation is designed to encourage the development of new models to identify babies at risk of late- onset neonatal infection as well as promoting the validation of these models and evaluation of their effects on practice. This should help to improve the understanding of 98

the factors associated with late-onset neonatal infection so that committees can make recommendations on this area in future guideline updates."
NICE_pg68_why-the-committee-made-t_chunk4,NICE,67,Why the committee made the recommendations,,,paragraph,910,"Source: NICE
Section: Why the committee made the recommendations

This should help to improve the understanding of 98

the factors associated with late-onset neonatal infection so that committees can make recommendations on this area in future guideline updates. With limited evidence on prognostic models, the committee agreed that it was instead important for clinicians to be aware of the clinical indicators and risk factors for late-onset neonatal infection. There was very limited evidence on maternal risk factors for late-onset infection and so the recommendations were based on the risk factors and signs and symptoms in the baby. The committee decided that the list of high-risk criteria from the risk stratification tool in NICE's guideline on suspected sepsis in under 16s (table 1)
covered the most important indicators that clinicians in both community and specialist settings should be aware of."
NICE_pg68_why-the-committee-made-t_chunk5,NICE,67,Why the committee made the recommendations,,,paragraph,904,"Source: NICE
Section: Why the committee made the recommendations

The committee decided that the list of high-risk criteria from the risk stratification tool in NICE's guideline on suspected sepsis in under 16s (table 1)
covered the most important indicators that clinicians in both community and specialist settings should be aware of. They included the recommendation to seek early advice from a paediatrician to highlight the importance of early treatment if any of the main clinical indicators are present. Early specialist advice was thought to be particularly important when caring for babies in the community as they need to be taken to hospital and admitted before treatment can begin, while babies who are on a neonatal unit can be monitored and treated more quickly. It was agreed that in addition to clinical indicators, it was also important to highlight potential risk factors for infection."
NICE_pg68_why-the-committee-made-t_chunk6,NICE,67,Why the committee made the recommendations,,,paragraph,976,"Source: NICE
Section: Why the committee made the recommendations

It was agreed that in addition to clinical indicators, it was also important to highlight potential risk factors for infection. This will help to ensure that babies who are at greater risk for infection are closely monitored for the presence of any of the clinical indicators. The committee also recommended that clinicians should think about infection in the other babies when one baby from a multiple birth has infection. Evidence was not found on this, but the committee thought that it was in line with current best practice because of the risk that all the babies from the pregnancy will have the same risk of infection. There was very limited evidence on the signs and symptoms of infection. The committee was aware of existing recommendations on clinical indicators of infection in NICE's guideline on suspected sepsis in under 16s and so it considered this information when deciding on recommendations."
NICE_pg68_why-the-committee-made-t_chunk7,NICE,67,Why the committee made the recommendations,,,paragraph,941,"Source: NICE
Section: Why the committee made the recommendations

The committee was aware of existing recommendations on clinical indicators of infection in NICE's guideline on suspected sepsis in under 16s and so it considered this information when deciding on recommendations. It was agreed that the high-risk indicators listed in the sepsis in under 16s guideline were an accurate reflection of the committee's experience with babies who develop late-onset infection. Parental or carer concern over changes in behaviour was added to the list of high-risk criteria as this was highlighted as an important indicator of potential infection for babies in the community. Other potential clinical indicators were discussed, but the committee was concerned about the risk of over- treatment if too many clinical indicators were listed in the recommendation, especially if some of those indicators could have causes other than neonatal infection."
NICE_pg68_why-the-committee-made-t_chunk8,NICE,67,Why the committee made the recommendations,,,paragraph,559,"Source: NICE
Section: Why the committee made the recommendations

Other potential clinical indicators were discussed, but the committee was concerned about the risk of over- treatment if too many clinical indicators were listed in the recommendation, especially if some of those indicators could have causes other than neonatal infection. The committee decided that the signs included in the recommendation were those that were most likely to indicate infection and therefore the most important to consider when assessing whether a baby may need treatment. 98"
NICE_pg70_how-the-recommendations-_chunk1,NICE,69,How the recommendations might affect practice,,,paragraph,812,"Source: NICE
Section: How the recommendations might affect practice

The recommendations are consistent with current practice and therefore a large resource impact is not anticipated. The table of clinical indicators may increase awareness of when a baby is at greater risk of late-onset neonatal infection. This may increase the number of babies who receive early treatment in hospital and reduce the negative effects and costs associated with infection.
Healthcare professionals working on a neonatal or paediatric ward are already likely to be aware of the risk factors that were identified. As such, the recommendations are helpful to reinforce the knowledge of these clinicians about the risk factors but may not have a substantial effect on current practice in a hospital setting.
Return to recommendations"
NICE_pg70_why-the-committee-made-t_chunk1,NICE,69,Why the committee made the recommendations,,,paragraph,1005,"Source: NICE
Section: Why the committee made the recommendations

The 2021 committee reviewed the evidence for late-onset neonatal infection. As this lined up with the evidence from the 2012 guideline on early-onset neonatal infection, the committee amended the 2012 recommendations to cover all neonatal infection. Blood culture is the current 'gold standard' for identifying neonatal infection. However, babies with infection sometimes have a negative blood culture. The committee agreed that blood cultures should be taken before starting antibiotics but recognised that babies often need treatment before results are available because of the timeframe for this (hours or days) and the fact that delaying antibiotics can lead to complications or death. Evidence for using C-reactive protein (CRP) to detect late-onset infection showed it can improve the accuracy of diagnosis when used in combination with blood culture. However, it is not accurate enough to be used as an alternative to blood culture."
NICE_pg70_why-the-committee-made-t_chunk2,NICE,69,Why the committee made the recommendations,,,paragraph,828,"Source: NICE
Section: Why the committee made the recommendations

Evidence for using C-reactive protein (CRP) to detect late-onset infection showed it can improve the accuracy of diagnosis when used in combination with blood culture. However, it is not accurate enough to be used as an alternative to blood culture. Furthermore, a single CRP measurement is not sufficient to diagnose infection because other factors can raise CRP levels. 98

The committee agreed to amend the 2012 recommendation to measure baseline CRP when starting antibiotics for early-onset infection to apply to late-onset infection too. They also covered using CRP trends to assess likelihood of infection and response to treatment. No evidence for late-onset infection was identified that supported using urine culture or skin swabs in the neonatal unit."
NICE_pg70_why-the-committee-made-t_chunk3,NICE,69,Why the committee made the recommendations,,,paragraph,792,"Source: NICE
Section: Why the committee made the recommendations

No evidence for late-onset infection was identified that supported using urine culture or skin swabs in the neonatal unit. These tests were also not recommended in the 2012 guideline on early-onset neonatal infection and so the committee decided to recommend against their use for babies with late-onset infection in neonatal units. However, they also discussed how urine culture can be an important test for babies in a paediatric ward if a urinary tract infection is suspected, so included a recommendation which supported its use in babies with late-onset infection who are being cared for outside of neonatal units. This is consistent with the recommendations from NICE's guideline on urinary tract infection in under 16s."
NICE_pg71_why-the-committee-made-t_chunk1,NICE,70,Why the committee made the recommendations,,,paragraph,981,"Source: NICE
Section: Why the committee made the recommendations

There was limited evidence in 2021 on lumbar puncture specifically for late-onset infection. However, lumbar puncture is the 'gold standard' test for identifying meningitis, and it was recommended in the 2012 guideline on early-onset neonatal infection. The committee extended this recommendation to cover both early-onset and late-onset neonatal infection, as they felt that the benefits of identifying meningitis outweighed the risks of the procedure. Antibiotics can affect the results of cerebrospinal fluid tests, so lumbar puncture needs to be performed before antibiotics when possible. The 2024 committee did not recommend a specific timeframe for performing lumbar puncture because there was concern that it 98

would be interpreted as a hard cutoff. The key timeframe is the 1-hour timeframe for giving antibiotics, but clinical judgement is needed for decisions on how to fit lumbar puncture around this."
NICE_pg71_why-the-committee-made-t_chunk2,NICE,70,Why the committee made the recommendations,,,paragraph,622,"Source: NICE
Section: Why the committee made the recommendations

The key timeframe is the 1-hour timeframe for giving antibiotics, but clinical judgement is needed for decisions on how to fit lumbar puncture around this. For example, for some people it may be safe to delay the antibiotics by slightly longer than 1 hour, if this would allow a lumbar puncture to be performed first. The 2024 committee used their experience to highlight situations that need treating or stabilising before a lumbar puncture, because these are potentially life-threatening and present a greater risk than delayed meningitis investigations."
NICE_pg72_how-the-recommendations-_chunk1,NICE,71,How the recommendations might affect practice,,,paragraph,531,"Source: NICE
Section: How the recommendations might affect practice

Lumbar punctures can often be performed more quickly on acute medical wards than in emergency departments. Because of this, hospitals may need to be able to urgently transfer people with suspected bacterial meningitis out of emergency departments (following stabilisation). Hospitals may also need to streamline their processes so that acute medical wards can perform lumbar punctures within the 1‑hour timeframe for giving antibiotics.
Return to recommendations"
NICE_pg72_why-the-committee-made-t_chunk1,NICE,71,Why the committee made the recommendations,,,paragraph,995,"Source: NICE
Section: Why the committee made the recommendations

There was evidence on various cerebrospinal fluid investigations for diagnosing bacterial meningitis:
• studies looked at multiple thresholds for white cell count, finding that it was at least moderately sensitive and specific at most thresholds, and very specific and sensitive at some thresholds
• overall, the evidence showed that protein concentration was at least moderately sensitive and specific
• gram staining and culture was very specific for identifying all causes of bacterial 98

meningitis
• there was a large, consistent body of evidence showing that PCR was at least moderately sensitive and very specific for identifying particular causes of bacterial meningitis. The committee highlighted that cerebrospinal fluid cell counts, total protein and glucose concentrations are important for clinical decision making and to guide antibiotic treatment, and agreed that these results should be available within 4 hours."
NICE_pg72_why-the-committee-made-t_chunk2,NICE,71,Why the committee made the recommendations,,,paragraph,869,"Source: NICE
Section: Why the committee made the recommendations

The committee highlighted that cerebrospinal fluid cell counts, total protein and glucose concentrations are important for clinical decision making and to guide antibiotic treatment, and agreed that these results should be available within 4 hours. It is important to look at the whole clinical picture and take a full clinical history, including maternal history for babies aged 28 days or under. This is because there are factors that may reduce the reliability of cerebrospinal fluid investigations. Based on their knowledge and experience the committee highlighted the most important of these factors. Age-appropriate threshold values for cerebrospinal fluid should be used. Values for some parameters (such as protein and cell counts) are higher in newborn babies than in older babies and children."
NICE_pg72_why-the-committee-made-t_chunk3,NICE,71,Why the committee made the recommendations,,,paragraph,359,"Source: NICE
Section: Why the committee made the recommendations

Values for some parameters (such as protein and cell counts) are higher in newborn babies than in older babies and children. The committee highlighted the need to consider alternative diagnoses because there could be serious consequences if a potentially treatable alternative cause is missed."
NICE_pg73_how-the-recommendations-_rec1_chunk1,NICE,72,How the recommendations might affect practice,,rec1,recommendation,403,"Source: NICE
Section: How the recommendations might affect practice
Recommendation: rec1

Recommendation: The recommendations largely support current practice, and they should not have a significant resource impact.
PCR was not included as part of cerebrospinal fluid investigations in the 2010 meningitis guideline, but it has since become standard practice in most hospitals.
Return to recommendations"
NICE_pg74_why-the-committee-made-t_rec1_chunk1,NICE,73,Why the committee made the recommendation,,rec1,recommendation,463,"Source: NICE
Section: Why the committee made the recommendation
Recommendation: rec1

Recommendation: Although the recommendations that refer to C-reactive protein (CRP) results make it clear that this measure should be used alongside factors that together help to build the full clinical picture, the 2026 committee wanted to make sure that CRP results alone were not determining antibiotic treatment. They, therefore, agreed to make a recommendation about this."
NICE_pg74_why-the-committee-made-t_rec1_chunk2,NICE,73,Why the committee made the recommendation,,rec1,recommendation,500,"Source: NICE
Section: Why the committee made the recommendation
Recommendation: rec1

Recommendation: To help with treatment decisions, the 2012 guideline on early-onset neonatal infection recommended that healthcare professionals with experience in neonatal infection should be available to provide microbiological or paediatric infection disease advice. The 2021 committee decided that this recommendation is also important when making decisions about antibiotic treatment for late-onset infection."
NICE_pg75_why-the-committee-made-t_chunk1,NICE,74,Why the committee made the recommendations,,,paragraph,839,"Source: NICE
Section: Why the committee made the recommendations

For babies born from 35+0 weeks' gestation with suspected early-onset bacterial infection who were clinically stable, evidence showed that switching their treatment from intravenous antibiotics to oral antibiotics was associated with reduced hospital stays compared with remaining on intravenous antibiotics because they were able to be treated at home, without increasing serious adverse outcomes. The impact on mortality, adverse events, reinfection, readmission to hospital, completion of antibiotic course, proportion of babies who were exclusively breastfed, sleep quality, and number of healthcare professional visits was uncertain but appeared similar between babies whose treatment was switched to oral antibiotics and those who remained on intravenous antibiotics."
NICE_pg75_why-the-committee-made-t_chunk2,NICE,74,Why the committee made the recommendations,,,paragraph,933,"Source: NICE
Section: Why the committee made the recommendations

The impact on mortality, adverse events, reinfection, readmission to hospital, completion of antibiotic course, proportion of babies who were exclusively breastfed, sleep quality, and number of healthcare professional visits was uncertain but appeared similar between babies whose treatment was switched to oral antibiotics and those who remained on intravenous antibiotics. Expert witness testimony about healthcare services taking a similar approach to that outlined in the evidence showed that switching treatment to oral antibiotics reduced hospital stays and that the number of babies readmitted to hospital with infection was low, with none developing late-onset sepsis. Other benefits included reduced exposure to gentamicin, which can have serious side-effects, fewer re-cannulations, and positive experiences reported by parents, carers and healthcare staff."
NICE_pg75_why-the-committee-made-t_chunk3,NICE,74,Why the committee made the recommendations,,,paragraph,965,"Source: NICE
Section: Why the committee made the recommendations

Other benefits included reduced exposure to gentamicin, which can have serious side-effects, fewer re-cannulations, and positive experiences reported by parents, carers and healthcare staff. Based on their clinical knowledge and experience and informed by the evidence, the committee agreed on the eligibility criteria for switching to oral antibiotics to ensure the safety and effectiveness of the approach. They agreed that switching to oral antibiotics is beneficial even when the baby needs to stay in hospital for some other reasons, not related to the infection. This is because it means reduced exposure to gentamicin and fewer re-cannulations. Amoxicillin is recommended as the first-choice oral antibiotic based on the evidence, expert witness testimony and the committee's experience, although the committee emphasised the importance of taking local bacterial resistance data into account."
NICE_pg75_why-the-committee-made-t_chunk4,NICE,74,Why the committee made the recommendations,,,paragraph,905,"Source: NICE
Section: Why the committee made the recommendations

Amoxicillin is recommended as the first-choice oral antibiotic based on the evidence, expert witness testimony and the committee's experience, although the committee emphasised the importance of taking local bacterial resistance data into account. The type and dosage of oral antibiotic used varied across the published evidence, which were all non-UK studies. However, according to the expert witness testimony, the 3 projects across 9 UK sites trialing the approach of switching from intravenous to oral antibiotics and enabling the baby to go home (oral-switch approach) were already using oral amoxicillin or were about to start using it. The committee agreed that babies on oral antibiotics at home should remain under the care of the neonatal team until treatment is completed, for safety reasons, but also for continuity of care. 98"
NICE_pg75_why-the-committee-made-t_chunk5,NICE,74,Why the committee made the recommendations,,,paragraph,971,"Source: NICE
Section: Why the committee made the recommendations

The committee agreed that babies on oral antibiotics at home should remain under the care of the neonatal team until treatment is completed, for safety reasons, but also for continuity of care. 98 They also agreed that consultants should be involved in any decisions to switch from intravenous to oral antibiotics or for the baby to be treated at home. Based on the evidence and their experience, the committee identified a series of measures that need to happen before babies on oral antibiotics can go home. They acknowledged that some parents and carers may face challenges in managing oral antibiotic treatment safely at home, and social and family circumstances may influence the shared decision of enabling a baby on oral antibiotics to go home. A minimum of 2 follow-up consultations were recommended, based on the number of follow-ups reported in the published studies and the committee's opinion."
NICE_pg75_why-the-committee-made-t_chunk6,NICE,74,Why the committee made the recommendations,,,paragraph,816,"Source: NICE
Section: Why the committee made the recommendations

A minimum of 2 follow-up consultations were recommended, based on the number of follow-ups reported in the published studies and the committee's opinion. Each of the 9 UK sites trialing the oral-switch approach were providing 1 clinical follow-up, according to the expert witness testimony. The committee decided to adopt a more cautious approach but agreed that the type of consultation (for example, telephone, video conference or face-to-face) should be decided locally. Given the limited high-quality evidence, particularly from the UK, the committee agreed to make a recommendation for research on switching treatment from intravenous to oral antibiotics for babies with suspected early-onset infection. This could inform future recommendations."
NICE_pg76_how-the-recommendations-_chunk1,NICE,75,How the recommendations might affect practice,,,paragraph,970,"Source: NICE
Section: How the recommendations might affect practice

The approach of switching treatment for babies with early-onset neonatal infection from intravenous to oral antibiotics and enabling them to go home is already being adopted in some UK hospitals. The recommendations are likely to increase this further. In turn, this is likely to shorten hospital stays, thereby reducing costs, easing pressure on hospital beds, and improving capacity to care for the sickest babies. This approach could also improve parents' and carers' experiences of the healthcare system and reduce the need to manage the harmful side effects of gentamicin. For babies on oral antibiotics who need to remain in hospital, while not providing the wider benefits associated with being treated at home this would still reduce care needs connected to the use of intravenous antibiotics, including gentamicin. It is envisaged that most babies on oral antibiotics will be able to go home."
NICE_pg76_how-the-recommendations-_chunk2,NICE,75,How the recommendations might affect practice,,,paragraph,510,"Source: NICE
Section: How the recommendations might affect practice

For babies on oral antibiotics who need to remain in hospital, while not providing the wider benefits associated with being treated at home this would still reduce care needs connected to the use of intravenous antibiotics, including gentamicin. It is envisaged that most babies on oral antibiotics will be able to go home. Neonatal teams will need protocols for following up babies on oral antibiotics at home. 98

Return to recommendations"
NICE_pg77_why-the-committee-made-t_chunk1,NICE,76,Why the committee made the recommendations,,,paragraph,839,"Source: NICE
Section: Why the committee made the recommendations

There is variation across the country in antibiotic resistance patterns and in which organisms are most likely to cause late-onset neonatal infection. Because of this, local data needs to be used when choosing antibiotics. Babies in a neonatal unit are likely to have been exposed to different bacteria than babies at home, so the committee made separate recommendations for the 2 groups. For babies in a neonatal unit, the committee did not believe there was enough evidence to recommend specific antibiotics, and so made a recommendation for research on the optimal antibiotic regimen for treating suspected late-onset infection. However, the evidence available did show that combinations of narrower‑spectrum antibiotics are as effective as broader-spectrum antibiotics."
NICE_pg77_why-the-committee-made-t_chunk2,NICE,76,Why the committee made the recommendations,,,paragraph,964,"Source: NICE
Section: Why the committee made the recommendations

However, the evidence available did show that combinations of narrower‑spectrum antibiotics are as effective as broader-spectrum antibiotics. The committee was aware that using broad- spectrum antibiotics in babies is associated with altered gut flora, increased risk of invasive fungal infection and the development of antibiotic resistance, and so a combination of narrow spectrum antibiotics was recommended as first-line treatment. For babies who have been admitted from home, there was also limited evidence on which antibiotics to use. NICE's guideline on suspected sepsis in under 16s recommends treating community-acquired sepsis with ceftriaxone or cefotaxime depending on gestational age. The committee agreed that these antibiotics would be appropriate for late-onset neonatal infection in babies who have been admitted from home, and none of the evidence for this group contradicted it."
NICE_pg77_how-the-recommendations-_chunk1,NICE,76,How the recommendations might affect practice,,,paragraph,757,"Source: NICE
Section: How the recommendations might affect practice

These recommendations will help to reduce the use of broad-spectrum antibiotics as first- line treatment for babies in neonatal units, which may help reduce antibiotic resistance.
However, use of narrow-spectrum antibiotics is already standard practice in many units, 98

and the costs of antibiotics are low, so there is expected to be very little impact on resource use, especially as most of the affected babies are already receiving intensive care and monitoring.
The recommendation for babies admitted from home may not have a substantial impact on practice, as it refers to an existing recommendation in the NICE guideline on suspected sepsis in under 16s.
Return to recommendations"
NICE_pg78_why-the-committee-made-t_chunk1,NICE,77,Why the committee made the recommendation,,,paragraph,869,"Source: NICE
Section: Why the committee made the recommendation

There was no evidence on duration of antibiotic treatment for late-onset infection.
However, the 2012 guideline on early-onset neonatal infection made recommendations on decisions 36 hours after starting antibiotic treatment, and the committee adapted these so that they were applicable to late-onset infection. The duration of initial treatment is recommended to be 48 hours rather than 36 hours as recommended for early-onset infection. This is thought to reflect the different bacteria that cause late-onset infection, which grow more slowly and have a lower load in the bloodstream. This means that it can take longer for a blood culture to become positive for late-onset than early-onset infection and so treatment needs to continue for longer until a negative blood culture result can be confirmed."
NICE_pg79_why-the-committee-made-t_chunk1,NICE,78,Why the committee made the recommendations,,,paragraph,823,"Source: NICE
Section: Why the committee made the recommendations

No evidence on treatment duration was identified, and so the committee made recommendations based on their knowledge and experience. The committee recommended a treatment of 7 days for babies with a positive blood culture, consistent with the 2012 guideline on early-onset neonatal infection. The committee recommended that a shorter treatment duration should be used when no pathogen is identified (the blood culture is negative) or the pathogen is a common commensal. In these situations, the committee noted that infection was likely to be less severe and could be safely treated with a shorter treatment duration, which would have the advantage of reducing exposure to antibiotics, which is consistent with the principles of good antibiotic stewardship."
NICE_pg79_why-the-committee-made-t_chunk2,NICE,78,Why the committee made the recommendations,,,paragraph,745,"Source: NICE
Section: Why the committee made the recommendations

In these situations, the committee noted that infection was likely to be less severe and could be safely treated with a shorter treatment duration, which would have the advantage of reducing exposure to antibiotics, which is consistent with the principles of good antibiotic stewardship. The committee also specified situations when a longer treatment duration should be used, such as when there is intra-abdominal co-pathology, necrotising enterocolitis, osteomyelitis or infection of a central venous catheter. There was no evidence for the specific situations where longer treatment would be required, but the committee based their decisions on their knowledge and experience."
NICE_pg80_why-the-committee-made-t_chunk1,NICE,79,Why the committee made the recommendation,,,paragraph,970,"Source: NICE
Section: Why the committee made the recommendation

Evidence from randomised controlled trials showed that both nystatin and fluconazole can reduce the risk of a baby developing an invasive fungal infection in comparison to placebo or no treatment. Evidence marginally favoured the use of nystatin over fluconazole for reducing the risk of fungal infection and based on the knowledge and experience of the committee, nystatin is better tolerated and there is a lower risk of fungi developing resistance to this antifungal than fluconazole. Economic evidence showed that nystatin was also likely to be the most cost-effective option, and so the committee recommended oral nystatin for antifungal prophylaxis when a baby is being given antibiotics for late- onset neonatal infection. The recommendation for antifungal prophylaxis was limited to babies below 1,500 g or 30 weeks' gestational age because the evidence was from babies in these population groups."
NICE_pg80_why-the-committee-made-t_chunk2,NICE,79,Why the committee made the recommendation,,,paragraph,880,"Source: NICE
Section: Why the committee made the recommendation

The recommendation for antifungal prophylaxis was limited to babies below 1,500 g or 30 weeks' gestational age because the evidence was from babies in these population groups. Although oral nystatin was the committee's first choice for antifungal prophylaxis, oral administration of antifungals may not be possible for all babies, particularly those who are very premature. The committee therefore specified that the use of intravenous fluconazole is appropriate when oral administration is not possible. The committee made a recommendation for research on the optimal regimen for giving antifungal prophylaxis when treating a baby with antibiotics for late-onset infection, because evidence was not available to support specific recommendations on the duration and dose of antifungal treatment that should be used."
NICE_pg80_how-the-recommendation-m_rec1_chunk1,NICE,79,How the recommendation might affect practice,,rec1,recommendation,634,"Source: NICE
Section: How the recommendation might affect practice
Recommendation: rec1

Recommendation: This recommendation may increase the number of babies who are given nystatin as antifungal prophylaxis when they are prescribed antibiotics for late-onset infection. This should decrease the number of babies who need to be treated for fungal infection which, although rare, can have serious consequences. Economic modelling showed that giving antifungal prophylaxis is likely to be cost saving because of a reduction in costs associated with treating invasive fungal infections and their consequences.
Return to recommendation 98"
NICE_pg81_why-the-committee-amende_chunk1,NICE,80,Why the committee amended the recommendations,,,paragraph,600,"Source: NICE
Section: Why the committee amended the recommendations

These recommendations were carried forward from the 2012 guideline on early-onset neonatal infection, but were expanded to cover both early-onset and late-onset neonatal meningitis for babies in neonatal units based on the knowledge and experience of the committee. Evidence relating to these recommendations was not reviewed for late-onset meningitis, but the committee agreed that the recommendations that were made in 2012 for early-onset infection would also apply to late-onset meningitis for babies treated in neonatal units."
NICE_pg81_why-the-committee-made-t_chunk1,NICE,80,Why the committee made the recommendations,,,paragraph,920,"Source: NICE
Section: Why the committee made the recommendations

For babies over 28 days, children and young people, there was a small amount of evidence comparing fluid restriction with routine maintenance fluids. This evidence showed that fluid restriction reduces pulmonary and facial oedema. However, it also increases rates of neurological impairment and epilepsy. There was no evidence in newborn babies aged 28 days or under, or in adults. However, the committee extended the recommendations to cover these groups because they agreed the risks were likely to be the same, based on their knowledge and experience. The committee was particularly concerned about the increased rate of neurological impairment, as this could be the most important clinical outcome. Based on the evidence 98

and their knowledge and experience, the committee agreed not to recommend routine fluid restriction for bacterial meningitis."
NICE_pg81_why-the-committee-made-t_chunk2,NICE,80,Why the committee made the recommendations,,,paragraph,635,"Source: NICE
Section: Why the committee made the recommendations

Based on the evidence 98

and their knowledge and experience, the committee agreed not to recommend routine fluid restriction for bacterial meningitis. They specified 'routine' because they did not want to stop healthcare professionals from restricting fluids in babies with fluid overload. There are potential complications to providing fluids intravenously, and in the committee's experience babies with bacterial meningitis can often tolerate oral or enteral fluids. Because of this the committee recommended providing fluids orally or by enteral tube when possible."
NICE_pg82_why-the-committee-made-t_chunk1,NICE,81,Why the committee made the recommendations,,,paragraph,839,"Source: NICE
Section: Why the committee made the recommendations

The committee had concerns about the reliability of the evidence, because the sample sizes were not large enough to detect rare events and because people with known immunodeficiency will often receive interventions to prevent recurrent infections. Because of this, the committee used their knowledge and expertise to make recommendations. The committee agreed that primary immunodeficiency is present in 8 to 26% of children with invasive pneumococcal disease. The committee agreed that referral to specialists was needed for babies with pneumococcal meningitis, because this disease may indicate a lack of immune response to pneumococcal vaccination and may be associated with primary immune deficiencies. Some anatomical factors increase the risk of bacterial meningitis."
NICE_pg82_why-the-committee-made-t_chunk2,NICE,81,Why the committee made the recommendations,,,paragraph,560,"Source: NICE
Section: Why the committee made the recommendations

The committee agreed that referral to specialists was needed for babies with pneumococcal meningitis, because this disease may indicate a lack of immune response to pneumococcal vaccination and may be associated with primary immune deficiencies. Some anatomical factors increase the risk of bacterial meningitis. The committee agreed that babies should be checked for these factors (including signs of a sinus tract), to 98

assess whether they may need intervention to prevent future episodes."
NICE_pg83_why-the-committee-made-t_chunk1,NICE,82,Why the committee made the recommendations,,,paragraph,1003,"Source: NICE
Section: Why the committee made the recommendations

Evidence showed that meningitis can result in a range of long-term complications, such as:
• learning disability, which can lead to speech and language problems in babies, as well as poor educational attainment or the need for special educational assistance
• long-term behavioural problems and problems with adjustment
• psychological distress
• hearing problems, including acute deafness. Most of the evidence concerned long-term complications for babies over 28 days, children, young people and young adults. However, the committee agreed that it was reasonable to extrapolate much of this evidence to newborn babies, because meningitis can have similar impacts on people regardless of age. Based on this evidence, the committee agreed that people with bacterial meningitis should not be discharged from hospital until follow-up needs have been identified and planned for, and until certain assessments have been planned or completed."
NICE_pg83_why-the-committee-made-t_chunk2,NICE,82,Why the committee made the recommendations,,,paragraph,977,"Source: NICE
Section: Why the committee made the recommendations

Based on this evidence, the committee agreed that people with bacterial meningitis should not be discharged from hospital until follow-up needs have been identified and planned for, and until certain assessments have been planned or completed. The committee did recognise that certain tests, like an audiological assessment, might not be possible until after discharge (although testing before discharge would be preferable). The evidence for epilepsy as a long-term complication was mixed. For example, there was 98

evidence of an increase in children who have had meningitis being admitted as inpatients because of epilepsy, but no evidence of increased use of outpatient epilepsy services in the same population. The committee was also concerned about unnecessary long-term use of anti-epileptic drugs. They recommended a 3-month review to check whether the seizures were a short-term effect of the illness."
NICE_pg83_why-the-committee-made-t_chunk3,NICE,82,Why the committee made the recommendations,,,paragraph,737,"Source: NICE
Section: Why the committee made the recommendations

The committee was also concerned about unnecessary long-term use of anti-epileptic drugs. They recommended a 3-month review to check whether the seizures were a short-term effect of the illness. The evidence on long-term complications after bacterial meningitis in newborn babies was limited to a single, small study. The committee agreed that quantifying the long-term complications of bacterial meningitis is important, to allow follow-up to be arranged for those at risk and to help with prioritising treatment and prevention strategies. To address this, the committee made a recommendation for research on the long-term outcomes after bacterial meningitis in infancy."
NICE_pg84_why-the-committee-made-t_rec1_chunk1,NICE,83,Why the committee made the recommendation,,rec1,recommendation,335,"Source: NICE
Section: Why the committee made the recommendation
Recommendation: rec1

Recommendation: Referral for psychosocial support is recommended because of the potential psychological impact of meningitis on family members and carers. It may need to be arranged after discharge because the impact may not be apparent immediately."
NICE_pg85_why-the-committee-made-t_chunk1,NICE,84,Why the committee made the recommendations,,,paragraph,956,"Source: NICE
Section: Why the committee made the recommendations

The committee agreed areas to cover in the post-discharge review based on the evidence of the long-term complications associated with meningitis. The review should happen at 4 to 6 weeks after discharge so that short-term effects of the illness can be ruled out and long-term issues can be identified early enough to make prompt referrals. The results of hearing tests may not be available at this point (for example, if illness interferes with the timing of the test), but the overall review should not be delayed if this is the case. The evidence showed particular long-term complications for babies, children and young people. The committee used their own knowledge and experience to make recommendations on further tests and reviews for babies. These tests and reviews are important for identifying late-onset complications and developmental issues as children and young people grow up."
NICE_pg85_why-the-committee-made-t_chunk2,NICE,84,Why the committee made the recommendations,,,paragraph,977,"Source: NICE
Section: Why the committee made the recommendations

These tests and reviews are important for identifying late-onset complications and developmental issues as children and young people grow up. The tests and reviews recommended will involve staff working in multiple services, across health and education. The committee made a recommendation on coordinating follow-up, to avoid situations where professionals assume other services are responsible and people do not receive proper care as a result. The evidence suggested that meningitis can increase the risk of poor educational outcomes, that the impact of long-term complications may not always be apparent, and that children and younger people who are seen to be underachieving could be achieving more if they had more specific support. This guideline does not cover education settings, so the committee advised parents and carers to discuss educational complications with their child or young person's school."
NICE_pg86_why-the-committee-made-t_chunk1,NICE,85,Why the committee made the recommendation,,,paragraph,669,"Source: NICE
Section: Why the committee made the recommendation

Evidence showed that some anatomical factors increased the risk of recurrent bacterial meningitis (such as a cerebrospinal fluid leak). For most immunological factors, there was no evidence that met the review criteria.
The committee had concerns about the reliability of the anatomical and immunological evidence, because the studies only looked at a very small number of people for some risk factors and for recurrent bacterial meningitis in general. Because of this, the committee made recommendations about the risk factors they believed to be most important, based on their knowledge and experience."
NICE_pg86_how-the-recommendation-m_rec1_chunk1,NICE,85,How the recommendation might affect practice,,rec1,recommendation,325,"Source: NICE
Section: How the recommendation might affect practice
Recommendation: rec1

Recommendation: The recommendation is largely in line with current practice. Healthcare professionals may have to change some of the risk factors they look for, but there should be no resource impact for services.
Back to recommendation"
NICE_pg86_why-the-committee-made-t_chunk2,NICE,85,Why the committee made the recommendations,,,paragraph,696,"Source: NICE
Section: Why the committee made the recommendations

There was no evidence, so the committee made recommendations based on their knowledge and experience. They recommended a specialist review to decide which investigations, treatments and immunisations were needed to help prevent further 98

recurrence.
The committee made recommendations on immunisation, medicine history, and sinus tract examination, in line with the recommendations on assessing for immunodeficiency and recurrence risk (see the explanation of the recommendations on assessing for immunodeficiency and recurrence risk).
The committee also highlighted the possibility of other rare causes of recurrent meningitis."
NICE_pg87_why-the-committee-made-t_chunk1,NICE,86,Why the committee made the recommendations,,,paragraph,442,"Source: NICE
Section: Why the committee made the recommendations

There was evidence on the views and experiences of families and carers of people who have had meningitis. The committee built on this with their own expertise. They recommended coordination with other professionals and services because this will ensure that follow-up care and support meet the person's needs, and will potentially reduce the impact of long-term complications."
NICE_pg88_context_chunk1,NICE,87,Context,,,paragraph,872,"Source: NICE
Section: Context

Neonatal bacterial infection is a significant cause of mortality and morbidity in newborn babies. Parent organisations and the scientific literature report that there can be unnecessary delays in recognising and treating sick babies. In addition, concern about the possibility of neonatal infection is common. This concern is an important influence on the care given to pregnant women, trans men and non-binary people and newborn babies. There is wide variation in how the risk of neonatal infection is managed in healthy babies. The approach taken by the NHS needs to:
• prevent neonatal infection when possible
• prioritise the treatment of sick babies
• minimise the impact of management pathways on healthy women, trans men and non- binary people and babies
• use antibiotics wisely to avoid the development of resistance to antibiotics."
NICE_pg88_context_chunk2,NICE,87,Context,,,paragraph,917,"Source: NICE
Section: Context

The approach taken by the NHS needs to:
• prevent neonatal infection when possible
• prioritise the treatment of sick babies
• minimise the impact of management pathways on healthy women, trans men and non- binary people and babies
• use antibiotics wisely to avoid the development of resistance to antibiotics. These drivers have not always been addressed consistently in the NHS, and this guideline was commissioned to ensure they would be addressed in future. Five key principles underpin the recommendations in this guideline:
• Unless it is dangerous, families should be offered choice. The guideline includes recommendations to support families in making choices through provision of information and, when appropriate, reassurance. • Intrapartum antibiotic prophylaxis should be administered in a timely manner to all eligible women, trans men and non-binary people who choose it."
NICE_pg88_context_chunk3,NICE,87,Context,,,paragraph,475,"Source: NICE
Section: Context

Intrapartum antibiotic prophylaxis should be administered in a timely manner to all eligible women, trans men and non-binary people who choose it. • Babies with suspected neonatal infection should receive treatment as quickly as possible. • Antibiotic exposure should be minimised in babies who do not have a neonatal infection. • An integrated system of clinical care is needed to allow full implementation of the guideline recommendations. 98"
NICE_pg90_update-information_chunk1,NICE,89,Update information,,,paragraph,858,"Source: NICE
Section: Update information

May 2026: We have reviewed the evidence on the time between prelabour rupture of membranes and birth (at term) to see if this affects the risk of early-onset neonatal infection. We have also amended the risk factors related to fever and chorioamnionitis because of safety concerns. See box 1 on risk factors for early-onset infection. We have reviewed the evidence on switching from intravenous to oral antibiotics when treating suspected early-onset neonatal infection. New recommendations are marked as [2026]. See the section on switching to oral antibiotics for early-onset infection. Recommendation 1.21.3 has been amended to say 'stop antibiotics' rather than 'consider stopping antibiotics' because the committee agreed it was safe for antibiotics to be stopped if the criteria in the recommendation were met."
NICE_pg90_update-information_chunk2,NICE,89,Update information,,,paragraph,920,"Source: NICE
Section: Update information

Recommendation 1.21.3 has been amended to say 'stop antibiotics' rather than 'consider stopping antibiotics' because the committee agreed it was safe for antibiotics to be stopped if the criteria in the recommendation were met. The guideline has been restructured to remove repetition of recommendations that previously appeared in the sections on early-onset and late-onset infection and to bring it in line with NICE style.
March 2024: The updated NICE guideline on bacterial meningitis and meningococcal disease made new recommendations for newborn babies in the following areas:
• information and support
• lumbar puncture
• cerebrospinal fluid investigations
• fluid restriction
• assessing for immunodeficiency and recurrence risk
• preparing for hospital discharge, including identifying and managing complications
• care after discharge
• recurrent bacterial meningitis."
NICE_pg90_update-information_chunk3,NICE,89,Update information,,,paragraph,946,"Source: NICE
Section: Update information

The updated NICE guideline on bacterial meningitis and meningococcal disease made new recommendations for newborn babies in the following areas:
• information and support
• lumbar puncture
• cerebrospinal fluid investigations
• fluid restriction
• assessing for immunodeficiency and recurrence risk
• preparing for hospital discharge, including identifying and managing complications
• care after discharge
• recurrent bacterial meningitis. We have moved these recommendations from the meningitis guideline into this neonatal 98

infection guideline, so that all the recommendations for newborn babies are in 1 place. These recommendations are marked [2024]. April 2021: We have reviewed the evidence and made new recommendations on the risk factors for infection and clinical indicators of possible infection and on intrapartum antibiotics of neonatal infection. These recommendations are marked [2021]."
NICE_pg90_update-information_chunk4,NICE,89,Update information,,,paragraph,924,"Source: NICE
Section: Update information

April 2021: We have reviewed the evidence and made new recommendations on the risk factors for infection and clinical indicators of possible infection and on intrapartum antibiotics of neonatal infection. These recommendations are marked [2021]. We have also made some changes without an evidence review:
• what to do if a woman, trans man or non-binary person has been identified as having a group B streptococcal infection in relation to future pregnancies
• when to perform a lumbar puncture for babies who are receiving antibiotics who did not have a lumbar puncture on presentation
• early-onset and late-onset meningitis. These recommendations are marked [2012, amended 2021]. Recommendations marked [2012] last had an evidence review in 2012. In some cases, minor changes have been made to the wording to bring the language and style up to date, without changing the meaning."
NICE_pg91_minor-changes-since-publ_chunk1,NICE,90,Minor changes since publication,,,paragraph,498,"Source: NICE
Section: Minor changes since publication

November 2025: We updated links to NICE's guideline on suspected sepsis in under 16s.
October 2023: We updated links to NICE's guideline on intrapartum care, which has been updated.
October 2022: We added text to indicate that pulse oximetry may be less reliable in people with dark skin. We also added a link to the NHS patient safety alert on the risk of harm from inappropriate placement of pulse oximeter probes.
ISBN: 978-1-4731-9511-0 98"
